2021-12-31,北向资金年内加仓超4300亿元创历史新高，宁德时代全年净买入超300亿,Wind
2021-12-31,中航光电于上海成立新公司,TechWeb
2021-12-31,中航光电、振华科技、高德红外……谁将能成长能力最强的军工电子企业？,Ofweek
2021-12-28,中航光电与中国北方车辆研究所签订战略合作协议,Wind
2021-12-28,中航光电与中国北方车辆研究所签订战略合作协议,e公司
2021-12-27,中航光电(002179.SZ)1019.19万股限制性股票可解锁,智通财经
2021-12-27,中航光电(002179.SZ)：1019.185万股限制性股票可解锁,格隆汇
2021-12-24,河南区域股市周报：板块总市值降至第14名 双汇发展跌出板块市值3强,每日经济新闻
2021-12-24,中航光电：首个境外子公司在德国法兰克福正式成立,e公司
2021-12-14,国资国企改革进入关键阶段，“大央企小平台”资本运作有望提速,Wind
2021-12-13,中航光电：公司与华为有车用高压连接器产品合作,财联社
2021-12-09,中航光电：在集中式储能和分布式储能领域均已开发相关产品,财联社
2021-12-08,中航光电(002179.SZ)：河南投资集团拟参与转融通证券出借业务 出借股数不超1099.94万股,格隆汇
2021-12-07,600万手封盘，“汉阳兵工厂”来A股了，抢筹资金两倍市值，北上资金扫货的军工股出炉！央行下调这两类再贷款利率,中国基金报
2021-12-04,天风2022年度策略·军工｜2022年新建产能将进入集中爬坡\达产期,天风研究
2021-12-02,筹码连续集中股名单（附股）,证券时报网
2021-12-01,三季度业绩大增股价却持续走低 京东方被面板价格下行“阴霾”缠绕,投资者网
2021-11-29,中信建投证券：2022看好军工全产业链,财经网
2021-11-29,国防军工行业周报：跨年估值切换行情有望持续 军工主流标的蓝筹化大势所趋,新浪
2021-11-28,国防军工行业周报：景气供需共振 关注军工电子、航发,广发证券
2021-11-28,国防军工行业周报：上游订货周期有望呈现 元器件最为直接,新浪
2021-11-27,中航光电华南产业基地在广州番禺动工预计年产值达55亿元,经济日报
2021-11-27,中航光电科技股份有限公司 关于非公开发行股票申请 获得中国证监会核准批文的公告,中证报
2021-11-26,中航光电：证监会核准公司非公开发行新股不超过约3.23亿股,每日经济新闻
2021-11-26,中航光电：非公开发行股票申请获得中国证监会核准批文,Wind
2021-11-26,中航光电华南产业基地项目广州动工 年产值将达55亿元,中新网
2021-11-25,中航光电(002179.SZ)取得不动产权证书,智通财经
2021-11-24,2021Q3公募基金军工股持仓分析： 业绩兑现带动配置提升，景气如期增配空间显著,国防军工参考
2021-11-23,关于核准中航光电科技股份有限公司非公开发行股票的批复,证监会
2021-11-22,A股早报2021年11月22日星期一,Wind
2021-11-21,国防军工行业：“供需共振”、“产能”、“空间” 景气稳增,广发证券
2021-11-19,国防军工行业周报：成长下的军工中枢向上 不断的布局机会,新浪
2021-11-17,有哪些“显山不露水”的军工基金？,养基司令
2021-11-16,军工行业2022年年度策略：“十四五”需求里程碑式兑现 聚焦基本面把握结构性机会,新浪
2021-11-16,国君军工 | 军工持仓创新高，航空航天最受关注,国泰君安证券研究
2021-11-16,北交所首批81家公司全扫描,Wind
2021-11-15,军工基金优选：基于重仓股预期收益率,新浪
2021-11-15,两家企业登陆北交所，带给陕西什么？,每日经济新闻
2021-11-15,创益通：目前公司与华为无直接的合作,Wind
2021-11-15,创益通：目前5G通讯连接器主要通过中航光电 间接向华为等客户提供产品服务,e公司
2021-11-15,305家公司公布最新股东户数,证券之星
2021-11-12,军工板块上中下游全面开花，多家券商认为有望保持高景气,Wind
2021-11-10,军工行业：基本面趋势不改 盈利持续高增长,新浪
2021-11-09,军工板块获资金增配，机构持股最大增仓变动超50%,Wind
2021-11-09,中航光电定增申请获证监会审核通过 拟募资不超过34亿元,上证报
2021-11-09,军工行业2022年度投资策略：迎接十四五跨越式发展,新浪
2021-11-08,中航光电最新公告：定增申请获证监会审核通过,证券之星
2021-11-08,中航光电：非公开发行股票申请获得证监会审核通过,每日经济新闻
2021-11-08,中航光电（002179.SZ）：原材料价格上涨对公司的影响相对有限 预计公司整体毛利率水平将保持相对稳定,智通财经
2021-11-05,中航光电：防务大批量降价整体影响小于市场预期,e公司
2021-11-04,国防军工：三季报业绩靓丽 进入发展快车道,新浪
2021-11-04,国防军工2021三季报综述：军工三季报增速40% 重点关注航发、导弹领域,新浪
2021-11-04,军工基金欢度“黄金周”，拆分份额笑纳新资金,Wind
2021-11-03,最新筹码集中股名单出炉，23股连续3期集中,Wind
2021-11-02,兴业证券：维持中航光电(002179.SZ)“增持”评级 营收业绩持续发力 合同负债大幅增长,智通财经
2021-11-02,国泰君安晨报,新浪
2021-11-02,中航光电(002179)：营收业绩持续发力 合同负债显着增长,新浪
2021-11-01,东方证券：给予中航光电买入评级，目标价位105.78元,证券之星
2021-11-01,国防军工行业：基本面与关注度双升 格局、空间为要,广发证券
2021-11-01,图解中航光电三季报：第三季度单季净利润同比增16.71%,证券之星
2021-11-01,中航光电前三季度扣非净利润增长5成 募投扩产强化领先优势,上证报
2021-11-01,【招商军工】中航光电（002179）：三季度业绩持续提升，资产负债表显示订单快速增长,招商军工研究
2021-11-01,国防军工行业周报：基金配置比例环比提升 三季度业绩持续向好,新浪
2021-11-01,中航光电(002179)：前三季归母 净利增长47.66% 军用连接器供需仍紧张,新浪
2021-10-30,中航光电：前三季度净利润16.23亿元，同比增长47.66%,资本邦
2021-10-30,航天电器(002025)：公司Q3业绩符合预期 有望充分受益下游需求增长,新浪
2021-10-29,中航科工(02357)：中航光电前九月归母净利润16.23亿元 同比增长47.66%,智通财经
2021-10-29,成绩单！中航光电：2021年第三季度净利润约5.09亿元，同比增长16.71%,每日经济新闻
2021-10-29,中航光电：前三季度净利润同比增长47.66%,Wind
2021-10-27,【机会挖掘】全军装备工作会议召开 武器装备现代化建设将带动行业景气度持续上行,证券时报网
2021-10-22,中航光电等11股股东户数降超5%,证券时报网
2021-10-19,汽车行业深度报告：电动智能驱动汽车连接器需求增长 本土企业迎成长良机,新浪
2021-10-18,国防军工行业周报：行业景气度长期向好 短期回调迎来布局机会,新浪
2021-10-18,国防军工行业周报：把握业绩确定性高及中下游抬升方向,新浪
2021-10-16,河南洛阳：到2025年九大产业集群规模突破5000亿元,Wind
2021-10-12,中航光电：两位高管发生人事变动 董监高成员变化,Ofweek
2021-10-12,电子元件企业百强榜 连接器企业表现亮眼,Ofweek
2021-10-11,中航光电(002179.SZ)：董事会秘书、财务总监辞职 董监高成员变化,格隆汇
2021-10-11,中航光电：刘阳因工作变动原因辞去公司董事会秘书及财务总监职务 董监高成员变化,每日经济新闻
2021-10-10,国防军工行业：财报季临近 军工配置性需求上升,广发证券
2021-10-09,中航光电控股子公司富士达：铜价上涨对成本影响有限,每日经济新闻
2021-10-08,【国金电子】瑞可达：高压连接器翘楚，乘新能源车东风扶摇直上,国金电子研究
2021-10-07,国防军工行业周报暨10月策略：关注业绩确定性高及中下游业绩抬升的标的,新浪
2021-10-02,新机会？10月金股出炉(名单),证券之星
2021-09-30,长江策略2021年10月金股推荐,新浪
2021-09-30,河南区域股市周报：新增1家上市公司 3家机构调研四方达,每日经济新闻
2021-09-29,中航光电(002179.SZ)签订《国有建设用地使用权出让合同》,智通财经
2021-09-26,国防军工行业周报：板块触底回升 珠海航展大量新装备将亮相,新浪
2021-09-26,国防军工行业研究周报：珠海航展倒计时、俄新机型进度出炉 高景气赛道持续确认,新浪
2021-09-22,国防军工行业周报：短期回调创造买入良机 坚定看好行业长期增长,新浪
2021-09-14,中航光电：公司给c919配套产品主要包括连接器及设备架等,Wind
2021-09-13,调研记录|中航光电(002179.SZ)：新能源汽车领域下一步主要围绕国际新车型和新客户进行市场开拓 预测未来公司整体毛利率水平相对稳定,智通财经
2021-09-13,国防军工行业周报暨9月策略：军工短期调整是中长期配置良机,新浪
2021-09-12,中航光电：交银施罗德、光大证券等11家机构于9月7日调研我司,证券之星
2021-09-11,中航光电(002179)：21H1业绩贴预告上限 盈利水平显着提升,新浪
2021-09-10,中航光电(002179.SZ)子公司广东公司签署建设项目工程总承包合同,智通财经
2021-09-10,国防军工行业2021年中报财务分析：行业高景气再度确认 中下游扩产提速,新浪
2021-09-09,中航光电：公司新能源汽车业务约占总体业务的8%左右,Wind
2021-09-06,国防军工行业周报：无惧市场短期回调 坚定看好军工行业长期增长,新浪
2021-09-06,三大热门赛道财报透视，高研发投入下业绩迎爆发,Wind
2021-09-03,精选层企业股东扫描，券商占据“半壁江山”,Wind
2021-09-03,中航光电董事长郭泽义：创新说明会模式 促进企业与投资者双赢,证券日报
2021-09-01,中航光电：安信基金、华夏基金等20家机构于8月30日调研我司,证券之星
2021-08-31,航空航天与国防行业周报：重视军工主机厂的价值,新浪
2021-08-31,意华股份(002897)：光伏跟踪支架领先 连接器布局汽车市场,新浪
2021-08-30,【天风军工】核心推荐-中航光电：中报业绩接近预告上限，新一轮募投扩产巩固竞争优势,tf防务深评
2021-08-30,中航光电2021年上半年实现净利润11.80亿元，同比大幅增长68.81%,经济观察网
2021-08-29,【招商军工】中航光电（002179）：盈利能力大幅提升，正式进入高增长发展通道,招商军工研究
2021-08-29,中航光电(002179)：21H1净利同比增长68.01% 符合预期,新浪
2021-08-27,中航光电(002179.SZ)非公开发行A股股票申请获中国证监会受理,智通财经
2021-08-27,中航科工(02357)：中航光电上半年股东应占利润11亿元 同比增长68.01%,智通财经
2021-08-27,中航光电(002179.SZ)上半年净利升68.01%至11.14亿元,格隆汇
2021-08-27,中航光电：上半年净利润同比增长68.01%,Wind
2021-08-26,中航产融(600705.SH)子公司中航产投拟出资1.9亿元认购中航光电非公开发行股票,智通财经
2021-08-26,国防军工行业快评：军工阶梯价格合理可控 不改业绩增长趋势,新浪
2021-08-25,北向资金连续三日加仓累计净买入超百亿，大幅抄底白酒股,Wind
2021-08-25,中航光电定增34亿资金项目获批！ 拟用于华南产业基地等项目,证券之星
2021-08-24,中航光电定增获中航工业集团批复 募资拟用于华南产业基地等项目,上证报
2021-08-24,【国金电子】车载连接器深度报告：汽车连接器水大鱼大，电动化&智能化驱动成长,国金电子研究
2021-08-23,中航光电(002179.SZ)：定增事项获中国航空工业集团有限公司批复,格隆汇
2021-08-23,中航光电(002179.SZ)非公开发行股票获中国航空工业集团批复,智通财经
2021-08-23,A股收盘综述：创业板指放量大涨逾3%，两市近200股涨幅超10%,Wind
2021-08-23,国防军工行业周报：军工行业景气持续上行 关注上中游细分行业龙头,新浪
2021-08-23,快讯：中航光电涨停 报于104.64元,金融界
2021-08-23,A股午盘综述：市场普反创业板指升逾2%，工业母机概念井喷,Wind
2021-08-23,军工板块涨势进一步扩大，权重股表现强势,Wind
2021-08-23,国防军工行业周报：军工已披露中报高增长 重视下游业绩拐点,新浪
2021-08-21,中报预告持续验证军工行业高景气 机构持仓明显增配,财联社
2021-08-20,碧桂园?美好中国ESG100指数完成2021年度调仓,新浪
2021-08-18,航空航天与国防行业周报：看好军工材料及红外行业,新浪
2021-08-10,智通港股研报精读(08.10) | 看好的软件板块龙头公司、汽车零售板块重点品种和军工板块龙头股,智通财经
2021-08-10,北向资金尾盘加速进场连续2日净买入，白酒股强势反弹但仍遭外资抛售,Wind
2021-08-10,需求饱满、业绩强劲、估值低洼，军工板块长期成长确定丨牛熊眼,第一财经
2021-08-09,国防军工行业：长景气赛道 配置性需求 趋势不变,广发证券
2021-08-09,军工接棒新能源车？公募持仓创新高，“军工一哥”转战买方,Wind
2021-08-09,中航光电发布公告 控股股东拟终止筹划发行股票计划,资本邦
2021-08-07,Wind风控日报2021年8月7日星期六,Wind
2021-08-07,上市公司正负面新闻2021年8月7日星期六,Wind
2021-08-06,晚间重要公告2021年8月6日星期五,Wind
2021-08-06,中航光电(002179.SZ)：中航科工决定终止筹划发行A股股票的计划,格隆汇
2021-08-06,中航光电(002179.SZ)控股股东终止筹划发行A股股票,智通财经
2021-08-06,军工接替新能源成下一匹黑马？公募持仓创历史新高，景气度“几十年不遇”,华夏时报
2021-08-05,中航光电市值突破千亿元 位列河南A股上市公司前三,上证报
2021-08-05,国防军工行业2021Q2军工行业基金持仓分析：主动基金军工持仓反弹 持续聚焦产业链中上游,新浪
2021-08-05,A股收盘综述：资金畏高指数集体回调，军工股逆势爆发,Wind
2021-08-05,军工板块全线爆发，核心个股业绩高增长将逐渐兑现，优质股名单收好（附股）丨牛熊眼,第一财经
2021-08-04,国防军工行业H1持仓：机构化趋势强化 带来投资风格切换,天风证券
2021-08-02,北向资金7月动向：重点进攻高景气成长制造主线，周期性行业遭抛售,Wind
2021-08-02,航空航天与国防行业周报：看好军工次新标的,新浪
2021-08-02,暖风频吹！“十四五”军工迎重要窗口期，黄金时代来临,Wind
2021-08-02,德邦证券8月金股组合,微信
2021-08-02,周末大戏！2500亿赛道突生变数，1.3万亿锂矿大火,Wind
2021-08-01,军工板块业绩高增长 最牛股业绩涨超17倍！多路资金加仓这些股票,凤凰网
2021-08-01,军工板块业绩高速增长，最牛股业绩涨超17倍，资金抄底意愿十足，多路资金同时加仓这些股票（附股）,证券时报网
2021-07-30,A股全线反弹，创指大涨逾5%，热门赛道资金现分歧,Wind
2021-07-29,军工行业-2021Q2军工基金持仓研究：持仓稳中有增 下游环节关注度提升,新浪
2021-07-29,A股全线反弹创指大涨逾5%，半导体、新能源继续冲锋,Wind
2021-07-28,国防军工行业2021年中期投资策略：景气度持续 寻找高确定性成长赛道,光大证券
2021-07-28,国防军工21年Q2基金持仓分析：军工重仓持股比例略升 板块具备中长期配置价值,新浪
2021-07-27,北向资金今日净卖出41.72亿元，贵州茅台遭净卖出逾10亿元,Wind
2021-07-27,北向资金净流出超百亿创年内新高，连续出逃京东方，抄底这些个股（名单）,21世纪经济报道
2021-07-27,北向资金动向盘点：净卖第一不是食品饮料，更不是医药,Wind
2021-07-26,军工行业深度报告：军工行业21Q2机构持仓分析,新浪
2021-07-26,【兴证军工】2021Q2公募基金军工股持仓分析：略获超配空间仍然显着，景气如期估值加速回归,国防军工参考
2021-07-26,军工行业周报：行业中报表现突出 关注业绩高增长标的,新浪
2021-07-26,军工股持续发力，上海瀚讯、长城军工相继封板,Wind
2021-07-23,中航光电：获哈啰出行“生态伙伴奖”,e公司
2021-07-23,中航光电：截至目前公司无被水淹的情况,Wind
2021-07-20,航空航天与国防行业周报：关注中报期业绩有望上升品种,新浪
2021-07-19,中航光电年产连接器5.88亿只拟34亿再扩产 研发投入10连增关键技术比肩国际领先,长江商报
2021-07-18,军工产业链业绩传导机制开启，行业景气度持续强化,财联社
2021-07-16,军工板块景气行情再度凸显，三季度或将成为行业重要拐点？,第一财经
2021-07-16,国防军工行业2021年中报业绩前瞻：2021H1业绩预计高增长 军工行业景气度持续兑现,新浪
2021-07-15,105股获券商买入评级 东鹏控股目标涨幅达79.92%,Wind
2021-07-15,中航光电定增：业绩增势显着 部分前次募投项目延期 项目问题,面包财经
2021-07-14,【长江研究·早间播报】建材/军工/家电/计算机,长江研究
2021-07-13,每日信息速递,新浪
2021-07-13,中航光电(002179)：拟定增34亿元 坚定迈向全球化发展路径,新浪
2021-07-12,中泰金工定向增发跟踪周报（07/11）,ZTQuant
2021-07-12,国防军工行业周报：中报预告持续反映行业景气 仍可积极布局,新浪
2021-07-12,中航光电(002179)重大事项点评：拟募资扩充产能 盈利能力有望提升,新浪
2021-07-12,航空航天与国防行业周报：看好红外产业链,新浪
2021-07-12,德邦证券：给予中航光电买入评级,证券之星
2021-07-12,上市公司正负面新闻2021年7月12日星期一,Wind
2021-07-11,中航光电(002179.SZ)：光电技术产业基地项目(二期)拟延期,格隆汇
2021-07-10,中航科工(02357.HK)附属中航光电拟非公开发行A股募资不超过34亿人民币,财华社
2021-07-10,上市公司正负面新闻2021年7月10日星期六,Wind
2021-07-09,中航科工(02357)：中航光电拟增发A股募集资金总额不超过34亿元,智通财经
2021-07-09,中航光电最新公告：拟定增募资34亿元控股股东参与认购,证券之星
2021-07-09,中航光电(002179.SZ)：拟投22.69亿元实施中航光电基础器件产业园项目,格隆汇
2021-07-09,中航光电(002179.SZ)：拟聘任大华为2021年度年审会计师事务所,格隆汇
2021-07-09,中航光电(002179.SZ)拟定增募资不超34亿元 中航科工及中航产投参与认购,智通财经
2021-07-09,中航光电：聘赵丹为证代,每日经济新闻
2021-07-09,中航光电：拟定增募资不超过34亿元,Wind
2021-07-08,军工板块整体走强，永贵电器军工业务前景可期,投资家
2021-07-08,解盘：资金持续流入，半导体芯片、电池、稀土领涨,Wind
2021-07-07,军工行业2021年第26周周报：先进战机列装进入新阶段 验证航空航天高景气,新浪
2021-07-07,中航光电大涨,新浪
2021-07-07,航空航天与国防行业：看好板块估值切换,新浪
2021-07-06,中航光电：公司存货增长主要系公司订单量饱满，计划量和产值增长所致,Wind
2021-07-06,中航光电：公司2021年一季度毛利率达到41%，是多年单季度最好的毛利率水平,Wind
2021-07-06,中航光电：公司二季度在手订单饱满,Wind
2021-07-06,军工｜行业迎来“逻辑切换”拐点，窗口期优先成长个股布局：2021Q3投资策略,中信证券研究
2021-07-06,航空航天科技行业7月展望：进入中报季 产业链中游景气度高,新浪
2021-07-06,航空航天科技行业2H21展望：细分龙头迎戴维斯双击,新浪
2021-07-02,国防军工7月投资策略：强军兴军 坚毅笃行,新浪
2021-07-02,军工行业2021年中期投资策略：航空装备景气度持续提升 看好中报业绩验证,新浪
2021-07-01,中航光电盘中快速下跌,新浪
2021-07-01,国防军工2021中期投资策略：强军兴军 坚毅笃行,新浪
2021-06-30,2021年7月十大金股：盈利驱动市场上行 成长仍是七月主线,光大证券
2021-06-30,国君策略七月金股组合：把握成长机遇,新浪
2021-06-29,航空航天与国行业周报：看好板块上游,新浪
2021-06-22,明日最具爆发力六大黑马,证券之星
2021-06-22,中航光电(002179)：已历辉煌五十载 强军优民拓新局,新浪
2021-06-22,国泰君安晨报,新浪
2021-06-22,券商首次关注9股并给予买入评级（6月22日）,Wind
2021-06-21,牛人重仓｜这只股融资余额一个月暴增74%，券商称“军工茅”开启高速增长模式,每日经济新闻
2021-06-18,国防军工行业简评报告：神舟十二号发射 中国载人航天迈入新篇章,新浪
2021-06-18,【东北晨会0618】市场快评：科技制造价值显现/5月经济数据点评/军工行业周报/5月航空数据点评/联创光电（深）、龙蟒佰利,东北证券研究所
2021-06-17,军工行业2021年度中期投资策略：岳镇渊渟,新浪
2021-06-16,国防军工2021年中期投资策略：“十四五”需求加速落地 自下而上业绩为王,新浪
2021-06-16,国防军工行业：趋势不变 赛道空间、格局壁垒为要,广发证券
2021-06-15,军工股逆市上扬机构纷纷看多这些个股获推荐,第一财经
2021-06-15,国防军工行业：佐证军工基本面大幅改善的有力证据持续释放,新浪
2021-06-14,【天风军工周报】航发执行百亿现金管理，“十四五”大单采购首次验证,tf防务深评
2021-06-14,【中航光电（002179.SZ）】高可靠连接器龙头，军民品并驾齐驱推动新发展——投资价值分析报告,光大证券
2021-06-11,中航光电大跌 连续下跌,新浪
2021-06-10,价值+成长！480份中报预告揭秘A股业绩“牛”,Wind
2021-06-10,【天风军工】核心推荐—宏达电子：首次定增！非钽业务持续扩产应对需求提升，业绩高增长可期,tf防务深评
2021-06-09,军工行业重大事项点评：主机厂公告或表明大订单将落地 新一轮板块行情有望开启,新浪
2021-06-08,[路演]中航光电：光电技术产业基地项目（二期）主体工程已封顶,全景网
2021-06-08,航空航天与国防行业周报：看好军工上游元器件和材料端,新浪
2021-06-07,国防军工行业：趋势性机会 赛道空间、格局壁垒为要,广发证券
2021-06-07,中航光电(002179.SZ)2020年度权益分派10派4元 股权登记日为6月16日,格隆汇
2021-06-07,中航光电(002179.SZ)拟实施每10股派4元 于6月17日除权除息,智通财经
2021-06-07,军工行业观察：“十四五”需求持续释放 “硬核”标的风险收益比突出,新浪
2021-06-07,解盘：科技股强势，半导体、操作系统、自主可控略涨,Wind
2021-06-07,【行情】军工股早盘拉升，贵绳股份涨停，钢硏高纳、航亚科技、上海瀚讯、亚光科技、中航光电等跟涨,金十数据
2021-06-06,【天风军工深度】进入股权激励深水区：收益确定度>90%，激励推动景气红利释放,tf防务深评
2021-06-05,保密三级资格取消，军工订单爆发迎来新催化，板块能否再次崛起？,财联社
2021-06-04,军工行业高景气正在向中下游传导，建议重点关注三条主线,方正证券
2021-06-03,19股今日获机构买入评级5股上涨空间超20%,证券时报网
2021-06-03,光大证券：5月金股组合盈利1.12% 6月荐股名单出炉,新浪
2021-06-02,券商判势｜6月关注“聪明钱”青睐板块,搜狐
2021-06-02,国防军工行业2021年中期投资策略报告会：景气兑现 成长提速,新浪
2021-06-02,高端射频连接器龙头：富士达深耕行业23年，抢抓精选层转板机遇,投资界
2021-06-02,华西证券首予中航光电买入评级：军民双景气，“军茅”开启高速增长模式,每日经济新闻
2021-06-01,航空航天与国防行业周报：看好军工全产业链,新浪
2021-06-01,东北证券：基本面改善预期持续强化和逆周期性凸显，超配军工正当时,证券时报网
2021-05-31,2021年6月十大金股：把握市场预期平稳期 关注成长、消费龙头,光大证券
2021-05-31,军工股午后大幅冲高，机构称超配正当时，把握三条主线,第一财经
2021-05-31,国防军工行业周报：军工配置窗口观点不变 坚定中长期信心,新浪
2021-05-31,军工股午后冲高主力加仓近10亿元这些个股获调研,第一财经
2021-05-31,国防军工行业周报：“十四五”需求饱满持续 超跌绩优股性价比极高,新浪
2021-05-28,国防军工行业成长核心-军工电子：聚焦集成电路类非线性增长 被动器件稳定上行,新浪
2021-05-27,策略专题报告：“百周年”行情电话会议纪要,新浪
2021-05-26,东北证券：军工行业部分个股调整至历史偏低位置，超配军工正当时,证券时报网
2021-05-25,军工股强势主力加仓龙头近9亿元机构青睐这些个股,第一财经
2021-05-25,军工板块企稳，业绩高增长标的配置价值上升，两条思路布局,第一财经
2021-05-24,航空航天与国防行业周报：看好中航工业集团下属军机产业链标的,新浪
2021-05-24,5月24日晚间重要行业研究汇总(附股),中金在线
2021-05-23,国防军工行业周报：多家军工央企将组织投资者交流活动 维持军工配置窗口观点,新浪
2021-05-21,中航光电(002179)：十四五开门红高增长 收入利润双双创历史新高,新浪
2021-05-21,中航光电大跌 连续下跌,新浪
2021-05-21,充换电行业迎重磅利好，龙头放巨量涨停，机构扫货！,Wind
2021-05-20,航空航天科技FY20&1Q21业绩回顾：ROE创五年以来新高;行业高景气第三次验证,新浪
2021-05-18,【天风军工】核心推荐-中航光电：拟定增融资，强化产能应对强需求,tf防务深评
2021-05-18,天风证券：中航光电（002179.SH）军用连接器龙头，维持“买入”评级,智通财经
2021-05-18,2021Q1军工行业基金持仓研究：持仓略有下降 航空航天依旧是首选,新浪
2021-05-17,晚间重要公告2021年5月17日星期一,Wind
2021-05-17,【中信建投军工|公司简评】中航光电：存货合同负债高位，订单饱满增长无忧,韬扬军工高端制造沙龙
2021-05-17,晚间公告｜5月17日这些公告有看头,第一财经
2021-05-17,【公告抢先看】晚间重要公告：海目星与宁德时代子公司签6.73亿高速激光制片机订单、ST舍得撤销其他风险警示,金融界
2021-05-17,中航科工(02357.HK)附属拟非公开发行股票募资用于产业化项目建设和日常经营,财华社
2021-05-17,中航科工(02357.HK)：中航光电拟筹划非公开发行募资用于产业化项目建设和日常经营,格隆汇
2021-05-17,中航科工：中航光电拟以非公开发行股票方式募集资金,Wind
2021-05-17,中航光电：筹划非公开发行股票事项,金融界
2021-05-17,航天军工行业周报(第十九周),新浪
2021-05-17,11股获券商买入评级 明阳智能目标涨幅达96.23%,Wind
2021-05-16,【天风军工】一季报谈军工预期修正：规模效应初现，趋势明朗,tf防务深评
2021-05-13,军工行业2020年报及21Q1季报总结：上游增长再提速 景气兑现已开启,新浪
2021-05-13,军工板块大涨，一季度业绩开门红，机构称行业处于高景气,第一财经
2021-05-12,国防军工行业周报：行业景气度持续上行 主动持仓仍属低配,国海证券
2021-05-10,国防军工：行业景气度持续提升 十四五有望保持高增长态势,新浪
2021-05-10,5月10日晚间重要行业研究汇总(附股),中金在线
2021-05-10,军工行业观察：军工板块投资大有可为 自下而上把握成长红利,新浪
2021-05-08,中航光电：二季度在手订单饱满，预计公司上半年实现经营业绩的快速增长,Wind
2021-05-08,河南89家A股公司去年营收6726.9亿 76家盈利,证券日报
2021-05-08,河南省89家A股公司 2020年共实现营收6726.99亿元,证券日报
2021-05-07,中航光电接受20家机构调研,每日经济新闻
2021-05-07,东方证券：中航光电（002179.SZ）防务业务需求旺盛增长快，维持“买入”评级,智通财经
2021-05-07,中航光电(002179)：元器件景气依然较高 优质白马值得持续持有,新浪
2021-05-06,国防军工行业周报：军工年报及一季报业绩高增 是较好的配置窗口,新浪
2021-05-03,科创板IPO审核2过2！国内高性能连接器产品制造商顺利过会,电鳗快报
2021-05-01,中航光电(002179)：Q1业绩实现高增长 提高全年盈利预测,新浪
2021-04-30,“军工跌停”一度上热搜，主力资金大幅撤离，券商却依旧看好？,第一财经
2021-04-30,A股收盘综述：上证指数跌0.81%，创业板指涨1.31%,Wind
2021-04-30,主力资金尾盘加速抢筹医药股抛售中航光电超8亿元,第一财经
2021-04-30,逾20股跌超5% “军工跌停”上热搜,第一财经
2021-04-30,A股午盘综述：上证指数跌0.51%，创业板指大涨收复3100点,Wind
2021-04-30,军工板块大幅下挫 中航光电中船防务等跌停 连续下跌,证券时报网
2021-04-30,【行情】国防军工板块开盘走弱，中航光电跌停，中船防务、纵横股份、航发动力、中航沈飞跟跌,金十数据
2021-04-30,年报收官 河南A股上市公司去年共营收6607亿元 其中1家过千亿,新浪
2021-04-29,中航光电(002179.SZ)一季度净利升281.43%至6.24亿元,格隆汇
2021-04-29,中航光电：2021年第一季度净利润约6.24亿元，同比增长281.43%,每日经济新闻
2021-04-29,军工基金一季报切面：营销热点最高亏损超20%，如何规避选基难题？,21世纪经济报道
2021-04-29,中航科工(02357.HK)：中航光电一季度净利润增长281.43%至6.24亿元,格隆汇
2021-04-29,中航光电：证券事务代表辞职,Wind
2021-04-29,中航光电：一季度净利润同比增长281.43%,Wind
2021-04-28,券商首次关注5股并给予买入评级（4月28日）,Wind
2021-04-27,军工行业跟踪报告：Q1重仓维持标配 推荐有核心竞争力个股,新浪
2021-04-26,【天风军工】中航高科-一季报：航空复材持续高增长，股权优化促进公司长期发展,tf防务深评
2021-04-24,A股分化再起！基金高仓位不改，核心资产仍是风向？,Wind
2021-04-23,A股分化再起：茅指数涨逾2%，近3000只个股却下跌,Wind
2021-04-21,中航光电(002179.SZ)回购注销限制性股票93.86万股,智通财经
2021-04-21,全信股份：公司与中航光电既有合作也有竞争,Wind
2021-04-20,机构调研大幅升温，三大板块看多逻辑不变,Wind
2021-04-16,66家公司获机构调研（附名单）,证券之星
2021-04-16,19股获机构高频“买入”评级，15股机构看涨空间超15%,金融界
2021-04-15,53家公司获机构调研（附名单）,证券之星
2021-04-14,信达证券--国防军工行业：信达军工E周刊187期，业绩为锚，震荡中锁定高景气赛道龙头【行业研究】,金融界股吧
2021-04-14,6股获10家以上机构调研 中航光电最受关,同壁财经
2021-04-14,13家公司获机构调研（附名单）,证券之星
2021-04-13,主力资金已连续6日净流出，却强势流入3个行业,证券时报
2021-04-12,军工行业观察：“十四五”开局一季报发力 业绩超预期引领军工主旋律,新浪
2021-04-12,[公司]订单饱满、营收剧增 中航光电Q1净利6.06亿元-6.55亿元,全景网
2021-04-12,艾小军+李鲁靖：超跌低估的军工板块基本面如何？,Wind
2021-04-12,过半A股公司发布2020年成绩单：全年稳中有增，多行业逆势爆发,Wind
2021-04-12,军工股业绩逻辑逐步兑现 顶流投资大咖扎堆布局,新浪
2021-04-10,【天风军工】核心推荐-中航光电：业绩显着超预期，“军茅”迈向“全球一流”目标,tf防务深评
2021-04-09,中航光电：4月9日主力资金净流入额占板块118.88%,每日经济新闻
2021-04-09,中航光电(002179)2021年一季报预告点评：十四五开门红 21Q1预增270%-300% 大超预期,新浪
2021-04-09,一季度净利大幅预增，中航光电大单封涨停，机构上调其目标价,证券时报网
2021-04-09,中信证券：中航光电一季度归母净利预增近300%，军工高景气逐步印证,Wind
2021-04-09,在手订单饱满，中航光电预计2021年Q1净利润同比增长270%,搜狐
2021-04-09,快递龙头一字跌停，“钢铁侠”却飞天，原因简单粗暴,Wind
2021-04-09,没扛住！3700亿顺丰一字跌停，政策利好助氢能源逆市走强,e公司
2021-04-09,惨烈！快递龙头一字跌停，560亿市值半日蒸发，“钢铁侠”却飞天，原因简单粗暴 连续下跌,中证报
2021-04-09,没扛住！3700亿顺丰一字跌停，“三通一达”都绿了！ 连续下跌,上游新闻
2021-04-09,突然爆雷：3600亿白马股“一字跌停”！茅台大跌 这只钢铁股却狂拉38% 连续下跌,中国基金报
2021-04-09,中航光电(002179)2021年一季度业绩预告点评：归母净利预增近300% 军工高景气逐步印证,新浪
2021-04-09,28股获买入评级 最新:光 韵 达,中财网
2021-04-09,一季报预增个股开盘再度大涨，重庆钢铁一字涨停,Wind
2021-04-09,华金证券--中航光电：营收首破百亿，民品拓展可期【公司研究】,金融界股吧
2021-04-09,港股公告精选：重庆钢铁一季度净利预增258.81倍,Wind
2021-04-09,中航光电（002179）：归母净利预增近300%，军工高景气逐步印证,中信证券研究
2021-04-09,中航科工(02357.HK)：中航光电一季度净利预增270%至300%,格隆汇
2021-04-09,【安信军工】中航光电：21Q1业绩预计增长270-300%，迈入十四五崭新阶段,安信军工冯福章
2021-04-08,【中信建投军工|公司简评】中航光电：防务业务持续高增，民品复苏共振向上,韬扬军工高端制造沙龙
2021-04-08,中航光电(002179.SZ)一季度净利润预增270%-300%,格隆汇
2021-04-08,中航光电(002179.SZ)第一季度归母净利同比预增270%-300%,智通财经
2021-04-08,中航光电(002179)：防务业务持续高增 民品复苏共振向上,新浪
2021-04-08,中航光电：一季度预计净利润同比增长270.0%~300.0%,Wind
2021-04-08,中航光电：一季度净利同比预增270%-300%,格隆汇
2021-04-08,国信证券：中航光电(002179.SZ)收入突破百亿，维持“买入”评级,智通财经
2021-04-08,河南区域股市周报：新增1家上市公司 10家机构调研双汇发展,每日经济新闻
2021-04-08,中航光电(002179)2020年年报点评：收入突破百亿 十四五迈入新征程,新浪
2021-04-08,太平洋--中航光电：营收利润创历史新高，连接器龙头稳步前行【公司研究】,金融界股吧
2021-04-08,82股获券商买入评级 常宝股份目标涨幅达88.81%,Wind
2021-04-08,中信证券：军工行业投资转向“基本面驱动”，二季度将为首个景气印证期,Wind
2021-04-08,中信证券：“十四五”是军工行业的快速发展期 推荐两种择股思路,证券时报网
2021-04-08,军工｜自下而上，守正出奇：2021Q2投资策略,中信证券研究
2021-04-07,拓深防务领域，中航光电营收首破百亿,Ofweek
2021-04-07,中航光电(002179)：业绩实现高增速 盈利能力稳步提升,新浪
2021-04-07,中航光电(002179)2020年报点评：百亿连接器龙头阔步向前 规模效应展现业绩弹性,新浪
2021-04-06,国防军工行业：下游关联交易预示高景气延续 军工外溢效应有望持续释放,新浪
2021-04-06,订单、预采购大幅增长，什么行业如此景气火热？,Wind
2021-04-06,订单、预采购大增 军工行业景气火热依旧,上证报
2021-04-06,中航光电(002179)：防务需求高景气 十四五加速成长,新浪
2021-04-06,东吴证券：航空航天等领域将继续保持高景气，产业链核心企业业绩有望保持较高增速,证券时报网
2021-04-06,军工行业景气火热依旧:订单预采购大增 红外北斗等细分行业受关注,上证报
2021-04-05,中航光电：关于监事辞职暨补选监事的公告 董监高成员变化,新浪
2021-04-05,中航光电：夏武辞去公司监事职务 董监高成员变化,Wind
2021-04-01,光大证券--中航光电2020年度报告点评：营收过百亿，发展注重质量提升【公司研究】,金融界股吧
2021-03-31,军工板块回调点评：行业进入逻辑切换期 短期波动加剧,新浪
2021-03-31,【安信军工】中航光电：2020净利润增长34.4%为近五年最高水平，期待十四五军民齐头并进,安信军工冯福章
2021-03-31,中航科工(02357)：中航光电年度归母净利同比增34.36%至14.39亿元,智通财经
2021-03-31,中航光电(002179.SZ)：2020年度净利升34.36%至14.39亿元拟10派4元,格隆汇
2021-03-30,中航光电(002179.SZ)年度归母净利润同比增长34.36%至14.39亿元 拟10派4元,智通财经
2021-03-30,中航光电：2020年净利润同比增长34%拟10派4元,格隆汇
2021-03-30,中航光电：2020年净利润同比增长34.36%,Wind
2021-03-30,落子番禺，中航光电向“千亿”市值俱乐部迈进,中经导报
2021-03-30,【行情】军工板块拉升走高，中航沈飞涨超8%，中航高科、洪都航空、航发动力、中航光电等跟涨,金十数据
2021-03-29,航空航天与国防行业周报：看好存有市场化改革预期的标的,新浪
2021-03-29,国防军工行业兴证军工观察：“十四五”需求释放初露锋芒 把握高成长优质标的黄金坑,新浪
2021-03-25,华泰证券首予中航光电买入评级：国内连接器龙头，军民品订单稳增长,每日经济新闻
2021-03-23,航空航天与国防行业周报：看好军工电子和原材料,新浪
2021-03-22,本周282亿市值限售股解禁，环比增加256.6% 解禁,Wind
2021-03-18,中航光电(002179.SZ)331.74万股限售股将于3月23日上市流通 解禁,智通财经
2021-03-18,中航光电(002179.SZ)：331.7445万股限制性股票将解除限售上市流通,格隆汇
2021-03-18,【行情】军工板块异动拉升，中航光电涨近5%，中航高科、洪都航空、鸿远电子、航发动力等跟涨,金十数据
2021-03-17,【行情】国防军工板块拉升走强，新余国科涨超8%，安达维尔、晨曦航空、中航光电等跟涨,金十数据
2021-03-15,航空航天与国防行业周报：年报披露期 关注业绩高增速标的,新浪
2021-03-12,汇丰晋信大盘波动股票四季报：股票仓位为93.45%，重仓片仔癀、中航光电等,每日经济新闻
2021-03-12,中航光电华南基地项目在广州动工 预计年产值约55亿元,中新网
2021-03-09,航空航天科技行业-3月金股推荐：板块底部有业绩支撑 中上游估值安全边际高,新浪
2021-03-08,中航光电(002179.SZ)：刘阳等辞任副总经理 董监高成员变化,智通财经
2021-03-08,中航光电：副总经理辞职 董监高成员变化,Wind
2021-03-08,民生军工行业周报：21年军费增速6.8% 国防预算保持稳定提升,新浪
2021-03-08,国防装备行业周报：2021年国防预算增长6.8% 增速较上年提升,新浪
2021-03-08,航空航天科技行业2月观察&3月展望：业绩对底部形成支撑 个股具有较大机会,新浪
2021-03-08,国防军工：国防预算稳定增长 武器装备建设将带动行业景气持续上行,新浪
2021-03-04,航天军工股逆势上涨，大飞机行业重大进展，产业链如何布局？,第一财经
2021-03-04,航空装备行业：C919商业化运营在即 航空制造产业链有望受益,新浪
2021-03-03,3月3日晚间重要行业研究汇总(附股),中金在线
2021-03-02,3月2日晚间重要行业研究汇总(附股),中金在线
2021-03-02,富士达(835640)：防务领域需求增长较快 2020年归母净利润6848万元,新浪
2021-03-01,国产大飞机全球首单正式落地 万亿市场即将打开？机构扎堆推荐5只股,第一财经
2021-03-01,航空航天与国防行业周报：关注成飞产业链标的,新浪
2021-03-01,兴业证券：2月金股组合亏损1.32% 3月荐股名单出炉 亏损,新浪
2021-03-01,民生军工行业周报：军工投入有望加大 国企改革持续推进,新浪
2021-03-01,100股获券商买入评级，德林海目标涨幅达128.68%,Wind
2021-02-27,中航光电(002179)：2020业绩快报超预期 持续看好连接器龙头长期发展,新浪
2021-02-26,中航光电(002179)：连接器白马再迎东风 需求旺龙头业绩强劲,新浪
2021-02-26,安信证券--中航光电:2020净利润增长34.4%，期待十四五军民齐头并进【公司研究】,金融界股吧
2021-02-26,国泰君安每日报告回放,新浪
2021-02-25,确定性极强，2021年军工板块最具潜力的十大金股,云掌财经
2021-02-25,中航科工(02357.HK)：中航光电2020年净利润升34.36%至14.39亿元,格隆汇
2021-02-25,中航光电(002179.SZ)年度归母净利润同比增长34.36%至14.39亿元,智通财经
2021-02-25,中航光电(002179.SZ)业绩快报：2020年度净利润升34.36%至14.39亿元,格隆汇
2021-02-25,中航光电：2020年度净利润14.39亿元同比增长34.36%,格隆汇
2021-02-25,中航光电：2020年净利润同比增长34.36%（业绩快报）,Wind
2021-02-23,干货来了！国资委：加快国有资本优化和结构调整,Wind
2021-02-23,国防军工行业：盈利驱动 行稳致远,新浪
2021-02-22,中航光电在广东成立新公司，注册资本1亿元,企查查
2021-02-22,民生军工行业周报：进入景气周期 军工配置价值显着,新浪
2021-02-20,国防装备行业周报：关注两会国防预算、年报季报业绩高增长,新浪
2021-02-14,情人节来了，基金圈“夫妻档”哪家强,上证报
2021-02-14,调整酝酿新机 关注高成长标的配置机会,东吴证券
2021-02-10,20Q4军工行业基金持仓分析：仓位3.06% 全市场主动型资金显着增配,新浪
2021-02-10,【行情】军工板块持续走弱，航天发展跌超6%，中航沈飞、中航光电、钢研高纳、航天电器等跟跌,金十数据
2021-02-08,国防军工行业双周报：调整酝酿新机 关注高成长标的配置机会,新浪
2021-02-07,国防装备行业周报-2020业绩预告：国防装备未来几年有望快速增长,新浪
2021-02-03,众泰、华晨之后，又一车企爆雷！重整草案牵出多家A股公司,e公司
2021-02-03,领途汽车爆雷，重整草案牵出多家A股公司 减资破产,Wind
2021-02-02,国防军工行业军工观察：需求逐步释放业绩兑现有力 择机布局产业链高成长优质标的,新浪
2021-02-02,国防装备行业周报(2021年2月第1周)：关注国防集团年度会议 看好国防整机与低估值组合,新浪
2021-02-01,浙商早知道 | 2月2日,浙商证券研究所
2021-02-01,国防军工行业20年Q4基金持仓与一周行情回顾,新浪
2021-01-30,回调或许现更佳买点 半导体军工人工智能高景气仍在,金融投资报
2021-01-29,中泰证券--国防军工行业2020年第四季度军工板块公募持仓报告：公募持仓环比再度提升，重仓前十平均年度回报率超150%【行业研究】,金融界股吧
2021-01-27,A股早报2021年1月27日星期三,Wind
2021-01-26,白酒、军工等抱团股突然砸盘 机构展开激烈多空搏杀,中国证券网
2021-01-26,跌停板解密：高位出逃，前期强势股轮流被甩卖！（1月26日）,Wind
2021-01-26,1月26日龙虎榜，机构青睐这15股,证券时报网
2021-01-26,北向资金出逃35亿！两大利空信号预警，结构牛市还在否？,第一财经
2021-01-26,中航光电龙虎榜数据（1月26日）,Wind
2021-01-26,军工股今日批量跌停，机构集体抛货,Wind
2021-01-26,A股收盘综述：上证指数跌1.51%失守3600点，创业板指跌近3%,Wind
2021-01-26,军工股大跌，创业板三巨头半天蒸发近1000亿,中国基金报
2021-01-26,军工股大跌洪都航空、中航光电等多股跌停 连续下跌,格隆汇
2021-01-25,TOP30基金经理最新调仓：张坤看上这些股 三一、海康成新进热门股,新浪
2021-01-25,国防军工行业动态：Q4公募基金军工持仓环比持续提升 关注两条投资主线,新浪
2021-01-25,航空航天科技行业4Q20基金持仓：机构持续加仓 略超配仍有较大提升空间,新浪
2021-01-25,国防军工行业周报：军工板块整体持仓大幅增长 板块超配比例环比继续提升,新浪
2021-01-25,【中泰军工李聪】2020年第四季度军工板块公募持仓报告——公募持仓环比再度提升，重仓前十平均年度回报率超150%,李聪军工研究
2021-01-20,比立讯精密还猛！军工中的消费股，易方达、社保基金大举增持,搜狐
2021-01-19,国防行业行业点评报告：中航推三年改革 打造若干千亿市值公司；首推整机！,新浪
2021-01-19,国泰君安：订单落地预期兑现，业绩预告将成为军工行情的推进器,Wind
2021-01-18,军工行业观察：“十四五”行业需求加速伊始 逢低配置军工优质资产,新浪
2021-01-18,中航光电(002179)：军民产业齐头并进 十四五规划崭露头角,新浪
2021-01-18,【行情】国防军工板块快速拉升，光电股份涨停，航新科技涨9%，博云新材、中航光电、江龙船艇等跟涨,金十数据
2021-01-18,A股早报2021年1月18日星期一,Wind
2021-01-18,中航光电：北京市嘉源律师事务所关于公司A股限制性股票激励计划（第一期）第三个解锁期解锁相关事项的法律意见书,证券之星
2021-01-17,晚间重要公告2021年1月17日星期日,Wind
2021-01-17,中航光电(002179.SZ)：此次限制性股票解锁实际可上市流通的数量为332.5507万股,格隆汇
2021-01-17,中航光电(002179.SZ)拟新设子公司实施华南产业基地项目,智通财经
2021-01-17,中航光电(002179.SZ)：韩丰辞任副总经理职务 董监高成员变化,智通财经
2021-01-17,中航光电(002179.SZ)A股限制性股票激励计划(第一期)第三个解锁期解锁条件成就,智通财经
2021-01-17,中航光电：关于副总经理辞职的公告 董监高成员变化,新浪
2021-01-17,中航光电：韩丰辞去公司副总经理职务 董监高成员变化,Wind
2021-01-17,【方正军工 | 周报】趋势性配置机会，业绩增速&空间佳者维持超配,军工正发声
2021-01-17,中航光电：拟购置土地以实施华南产业基地项目,Wind
2021-01-17,安信研究|晨会在线20210119,安信证券研究
2021-01-15,晨报0115 | 蓝筹泡沫策略专题、社融拐点事件点评、精工钢构（600496）,国泰君安证券研究
2021-01-12,航天股“起飞”，重大航天工程持续推进，两条主线布局军工股,第一财经
2021-01-11,军工行业观察：“十四五”行业需求加速伊始 中长期板块估值有望显着扩张,新浪
2021-01-10,【方正军工 | 周报】趋势性配置机会不变，业绩增速为要,军工正发声
2021-01-08,成长股思考笔记(一)：消费基金经理为何买入科技成长股？,新浪
2021-01-05,国防军工行业周报1月第1周：航发控制定增扩产 关注两条投资主线,新浪
2021-01-05,航空航天科技行业12月观察&1月展望：春季上攻行情已开启 优选高景气子板块,新浪
2021-01-04,军工股走强，公募机构配置比例加大，关注板块龙头,第一财经
2021-01-04,【行情】国防军工板块拉升，天海防务涨超15%，中航机电、中航光电、上海瀚讯等跟涨,金十数据
2021-01-04,民生证券研究周观点,新浪
2021-01-03,【方正军工 | 周报】趋势性配置机会，核心资产、逐步超配,军工正发声
2020-12-30,中航光电(002179.SZ)拟向中航机载借款5亿元用于复工复产资金需求,智通财经
2020-12-29,制造行业2021年度投资策略：制造行业：智造重器，提升国力,东兴证券
2020-12-28,浙商早知道 | 12月29日,浙商证券研究所
2020-12-28,机械国防行业周报：持续力推光伏设备和国防装备；新能源“十四五”规划有望上调,新浪
2020-12-28,国防军工行业周报：年内多家企业发布股权激励计划 核心军工国企活力有望提升,新浪
2020-12-24,“酒劲”要醒？这个板块成了两市最强热点,中国财富网
2020-12-24,近10股涨停 军工板块大爆发 机构：紧扣“机”和“弹”两条主线丨牛熊眼,第一财经
2020-12-22,国防军工行业：如何看待决定军工业绩弹性的制度性因素？,新浪
2020-12-18,浙商早知道 | 12月21日,浙商证券研究所
2020-12-17,中航光电(002179.SZ)：控股股东拟参与转融通证券出借业务,格隆汇
2020-12-17,中航科工(02357.HK)：开展转融通证券出借业务,格隆汇
2020-12-15,A股“底部十字星”，反转信号确立？一条消息，妥了,财富动力网
2020-12-15,机械国防行业周报(2020年12月第二周)：挖掘机全年销量增速近40％；光伏设备、国防装备持续高景气,新浪
2020-12-15,鼎通科技IPO：主营产品市占率不足0.3% 产量下降却还要“强行”扩产,电鳗快报
2020-12-14,110家公司获机构调研（附名单）,证券之星
2020-12-09,外资流入A股系列18：外资抢筹顺周期行业,新浪
2020-12-08,【研报掘金】军工行业发展有望迎来黄金时代 建议积极布局板块“跨年行情”,证券时报网
2020-12-07,十大军工集团指数走高，中航光电涨逾7%,Wind
2020-12-04,【招商策略】2020年11月陆股通持股分析 ——陆股通流入再创年内新高，加仓电子&顺周期,招商策略研究
2020-12-04,北上资金全透视月报(20年11月)：上月外资大幅流入 增持周期与金融,广发证券
2020-12-04,国防军工行业：当前时点如何看军工,新浪
2020-12-02,中航光电：56Gbps高速连接器已初步实现量产,e公司
2020-12-02,航空航天科技行业2021年度展望：十四五“新周期” 供需共振“高成长”,新浪
2020-12-01,中航光电(002179.SZ)：两名股东合计减持9.25万股 减持计划已完成 拟减持股份,格隆汇
2020-12-01,“国民神车”销量创新纪录，电机供应商闻讯涨停！概念股跟涨,e公司
2020-12-01,快讯：国防军工板块拉升 中航光电等多股走强,新浪
2020-12-01,【行情】国防军工板块拉升，中航光电涨6%，航发动力、爱乐达、中航沈飞、航天彩虹等集体跟涨,金十数据
2020-12-01,解盘：百亿资金流入，权重与题材齐飞，工程机械领涨,Wind
2020-11-30,军工行业2021Q1投资策略：开篇之年 围绕“产业拐点”布局,新浪
2020-11-30,35股遭北向资金大手笔减持，5只银行股上榜 减持股份,证券时报
2020-11-30,军工股走强 蓝黛科技、天汽模涨停 汇金股份、上海沪工等多股跟张,金融界
2020-11-30,【行情】国防军工板块拉升，天海防务涨超6%，中航重机、中航光电、新光光电、中航机电等跟涨,金十数据
2020-11-30,北向资金一周动向盘点：净买168.5亿元，盯住新能源、非银,Wind
2020-11-28,北向资金单周大举扫货，这只家电股近一月获买入超60亿元,21世纪经济报道
2020-11-27,金融领涨大盘震荡走高，掘金低估值蓝筹补涨机会,重庆商报
2020-11-26,军工股走强，板块业绩或将加速兑现，四条赛道布局,第一财经
2020-11-26,中航光电董事长郭泽义减持10万股 套现605万元 减持股份,中国经济网
2020-11-25,中航光电(002179.SZ)：董事长郭泽义累计减持10万股减持计划实施完毕 拟减持股份,格隆汇
2020-11-25,中航光电：董事长减持0.0091%股份，减持股份计划完成 拟减持股份,Wind
2020-11-25,国防军工行业：如何从财报角度印证军工行业订单出现真正改善？,新浪
2020-11-24,科创板周报：科创50ETF首秀 谱写科创板投资新篇章,新浪
2020-11-24,北向资金扫货A股上百亿元，大幅增持酿酒行业（附股）,21世纪经济报道
2020-11-23,【行情】国防军工板块异动拉升，晨曦航空涨4%，国瑞科技、航发科技、中航光电等跟涨,金十数据
2020-11-19,中航科工(02357)向兴华华亿增资6969万元,智通财经
2020-11-17,最新股东户数揭秘：这35股股东户数连降三期,证券时报网
2020-11-17,中航光电上市13年股价累涨26倍 净利累计增长13倍,新浪
2020-11-12,航空航天科技行业10月观察&11月展望：潜心布局四季度 重点跟踪“两条主线”,新浪
2020-11-11,军工行业20Q3财报总结：上游企业景气持续 主机厂开启业绩兑现,新浪
2020-11-11,国防军工2020年三季报综述：Q3业绩大幅提升 军工基本面向好,新浪
2020-11-10,中航光电：公司为五菱宏光电动车配套高压连接器,e公司
2020-11-10,最新股东户数揭秘：这46股股东户数连降三期,证券时报网
2020-11-10,航空航天科技行业3Q20业绩回顾：季度增长加速 信息化和新材料景气度高,新浪
2020-11-10,【军工】“十四五”开启原材料备货，驱动军工电子元器件全面进入拐点,天风研究
2020-11-09,45股股东户数连降 筹码持续集中,证券时报
2020-11-08,百家公司获机构调研：探寻A股四季度投资密码,经济观察报
2020-11-08,【中信建投军工|行业动态】Q3公募基金军工持仓环比提升，关注三条投资主线,韬扬军工高端制造沙龙
2020-11-07,百家公司获机构调研：探寻A股四季度投资密码,经济观察网
2020-11-06,中航光电(002179.SZ)股东刘阳等人合计减持11万股 减持计划已完成 拟减持股份,智通财经
2020-11-06,中航光电：股东合计减持0.01%股份，减持股份计划完成 拟减持股份,Wind
2020-11-06,中航光电(002179)：Q3单季度业绩超预期 同比大幅增长68.96%,新浪
2020-11-05,41股筹码连续3期集中,证券时报网
2020-11-05,中航光电预测今年整体或“十四五”期间防务市场订单增速较好,上证报
2020-11-05,北向资金近3日增持银行股逾20亿元，还连续买入这只光伏龙头股（名单）,21世纪经济报道
2020-11-05,北向资金动向盘点：银行超越电子成持仓市值第四行业,Wind
2020-11-04,中航光电(002179.SZ)：股东刘阳累计减持3万股减持数量已过半 减持股份,格隆汇
2020-11-04,中航光电：财务总监减持0.0027%股份，减持数量过半 减持股份,Wind
2020-11-04,【中信建投军工|公司简评】中航光电：军品旺盛利润高增，订单饱满全年业绩可期,韬扬军工高端制造沙龙
2020-11-04,筹码连续集中股名单（附股）,证券时报网
2020-11-04,中航光电：与蔚来汽车有项目在接触,Wind
2020-11-03,2020年11月金股组合：兴证策略&多行业,新浪
2020-11-02,富士达(835640)：防务领域需求增长较快 Q3归母净利润增长85.92%,新浪
2020-11-02,中航光电(002179)2020年三季报点评：毛利率提升Q3业绩增长69% 完善轨交布局竞争力有望增强,新浪
2020-11-02,A股早报2020年11月2日星期一,Wind
2020-11-01,中航光电(002179)：Q3净利润同比增长68.96% 行业景气度持续提升,新浪
2020-10-31,中航光电科技股份有限公司重大事项提示性公告,证券时报
2020-10-30,【安信军工】中航光电：军民产业齐头并进，十四五规划崭露头角,安信军工冯福章
2020-10-30,【中泰军工李聪】中航光电2020年三季度业绩点评：Q3净利润同比增长68.96%，行业景气度持续提升,李聪军工研究
2020-10-30,中航光电：控股股东中航科工正筹划发行A股事宜,e公司
2020-10-30,中航光电(002179.SZ)：中航科工目前正筹划发行A股事宜,格隆汇
2020-10-30,10月30日龙虎榜，机构青睐这8股,证券时报网
2020-10-30,扎根智能连接器行业十余载，智新电子精选层挂牌获受理【安信诸海滨团队】,诸海滨新三板
2020-10-30,中航光电龙虎榜数据（10月30日）,Wind
2020-10-30,中航科工涨逾7% 附属中航光电及中直股份3季业绩亮眼,新浪
2020-10-30,港股异动 | 中航科工(2357.HK)涨超5% 附属公司三季报业绩亮眼,格隆汇
2020-10-30,港股异动 | 中航科工(02357)涨逾7% 附属中航光电、中直股份三季度业绩亮眼,智通财经
2020-10-30,中航科工(02357-HK)：中航光电三季度净利润同比增加68.96%,财华社
2020-10-30,大飞机概念走强 中航光电涨停,上证报
2020-10-30,快讯：国防军工板块快速拉升 中航光电大涨8%,新浪
2020-10-30,【民生军工】中航光电（002179）简评报告：Q3业绩增长69%，全年有望实现高增长,MS国防军工
2020-10-29,中航光电(002179.SZ)拟对公司轨交业务进行重组,智通财经
2020-10-29,中航光电(002179.SZ)第三季度归母净利润同比增长68.96%至4.36亿元,智通财经
2020-10-29,中航科工(02357.HK)：兴华华亿获增资1.84亿元,格隆汇
2020-10-29,中航科工(02357)：中航光电第三季股东应占净利增68.96%至4.36亿元,智通财经
2020-10-29,中航光电(002179.SZ)：前三季净利10.99亿元同比增长32.25%,格隆汇
2020-10-29,中航光电：三名股东合计拟减持不超过总股本0.0175% 拟减持股份,Wind
2020-10-29,中航光电：前三季度净利润同比增长32.25%,Wind
2020-10-27,连接器新格局正在形成，乘风破浪你在哪里？,慧聪电子网
2020-10-26,【安信军工】中航光电：2020净利润增长34.4%，期待十四五军民齐头并进,安信军工冯福章
2020-10-26,11只股股价创历史新高,证券时报网
2020-10-26,国防军工行业周报：被动电子元器件业绩大超预期 预示军工行业整体景气度提升,新浪
2020-10-20,物联网领域迎来重磅利好，有望带来这些产业链投资机会,第一财经
2020-10-19,机械军工行业周报：挖掘机9月销量再超预期；聚焦光伏／风电／锂电等新能源设备,新浪
2020-10-17,海外中资股｜海外“全中国组合”： 2020年12月,中信证券研究
2020-10-16,央企股权激励新规落地近一年上市公司踊跃“争鲜”,上证报
2020-10-16,央企股权激励新规落地近一年，上市公司尝“鲜气”,上证报
2020-10-16,央企股权激励新规落地近一年 上市公司踊跃“争鲜”,上证报
2020-09-28,机械设备：预计9月挖掘机销量持续大幅增长；光伏设备下半年需求旺盛,新浪
2020-09-25,5G新基建和防务催生连接器新格局,维库电子市场
2020-09-25,连接器新格局正在形成，乘风破浪你在哪里,维库电子市场
2020-09-15,筹码连续集中股名单（附股）,证券时报
2020-09-11,军工行业具备上涨基础 看多军工板块 6股热,证券时报
2020-09-10,国防军工行业2020年中报财务分析：前瞻性指标向好 经营效益持续改善 零部件民企积极扩产,新浪
2020-09-07,国防军工2020年半年报综述：Q2呈现恢复式增长 全年有望稳定提升,新浪
2020-09-07,民生军工行业周报：军工H1业绩小幅下滑 Q2呈现恢复式增长,新浪
2020-09-04,A股中报季900只超预期个股名单,锦缎
2020-09-04,鼎通精密改3年营收数据 规模小毛利率样样甩同行蹊跷,中国经济网
2020-09-01,中航光电(002179.SZ)总法律顾问张新波减持完毕累计减持4万股 减持股份,格隆汇
2020-09-01,中航光电：张新波合计减持0.0036%公司股份 减持股份,Wind
2020-09-01,国防军工行业动态报告：中报业绩稳定增长 把握三大投资主线,新浪
2020-09-01,国防军工行业周报：中报验证行业基本面持续向好 建议重点关注业绩持续改善优质标的,国海证券
2020-08-31,【中信建投军工|公司简评】中航光电：军工景气奠定增长基础，民品企稳全年业绩可期,韬扬军工高端制造沙龙
2020-08-28,销售额仍保持高速增长 研发投入再创新高,中国电子报
2020-08-27,机械行业周报：航空制造板块中报业绩亮眼 预计下半年基本面继续向好,新浪
2020-08-25,A股早报2020年8月25日星期二,Wind
2020-08-24,中航光电、康力电梯等多股每笔成交量增超50%,证券时报网
2020-08-24,机构现身34股，净买入分众传媒3.09亿元、净卖出中航光电5960万元,第一财经
2020-08-24,中航光电(002179)：20H1业绩超预期 Q2单季度业绩创历史新高(同比增长47％),新浪
2020-08-24,中航光电龙虎榜数据（8月24日）,Wind
2020-08-24,国防军工板块高开震荡 中航光电涨停丨板块牛熊榜,第一财经
2020-08-24,中航光电(002179)2020年中报点评：疫情影响逐步消除 看好公司全年业绩表现,新浪
2020-08-24,【面包财报】中航光电：2020年上半年归母净利润6.63亿元，同比增长15.71%,面包财经
2020-08-24,【财报智读】中航光电：2020年上半年归母净利润6.63亿元，同比增长15.71%,面包财经
2020-08-24,晨会聚焦：见微知著 从行业龙头看医疗服务的致胜之道,新浪
2020-08-24,【民生军工】中航光电（002179）2020年半年报点评：主业稳定增长，看好全年业绩稳定提升,MS国防军工
2020-08-24,【东兴军工】中航光电：业绩大超预期，优秀的平台型公司有望享受估值溢价,机械军工e洞察
2020-08-24,军工行业周报：军工电子元器件景气上行 看好后续投资价值,新浪
2020-08-23,【天风军工】中报前瞻：目前H1净利增速扩张5.81%，航空/材料/电子/导弹望出现双击效应,tf防务深评
2020-08-22,【中泰军工李聪】中航光电2020年中报点评：Q2业绩同比增长46.80%，看好军品连接器龙头全年业绩增长,李聪军工研究
2020-08-22,中航光电(002179)：Q2净利润同比增长47% 军工、通讯、新能源汽车领域内生增长确定性高,新浪
2020-08-22,【安信军工】中航光电：Q3超预期增长69%，净利率快速提升,安信军工冯福章
2020-08-21,克服疫情不利影响 中航科工上半年实现收入净利双增长,证券日报
2020-08-21,中航科工(02357)：中航光电上半年股东应占利润增长15.71%至6.63亿元,智通财经
2020-08-21,中航科工(02357.HK)：中航光电上半年净利升15.71%至6.63亿元,格隆汇
2020-08-21,中航光电(002179.SZ)：上半年净利升15.71%至6.63亿元,格隆汇
2020-08-21,中航光电：上半年净利润同比增长15.71%,Wind
2020-08-21,中航科工：上半年实现收入201.98亿元 同比增长11.10%,中证网
2020-08-21,【行情】国防军工板块活跃，海兰信涨6%，航天发展涨5%，洪都航空、北摩高科、中航光电等跟涨,金十数据
2020-08-14,军工股获20亿机构资金抢筹！叠加科技概念仅5只,证券时报网
2020-08-14,A股早报2020年8月14日星期五,Wind
2020-08-13,A股共发生82宗大宗交易成交18.16亿元（8月13日）,Wind
2020-08-13,中航光电今日大宗交易成交26万股，成交价41.21元折价9.03%,Wind
2020-08-10,民生军工行业周报：行业发展进入快车道 持续看好军工投资价值,新浪
2020-08-09,晚间重要公告2020年8月9日星期日,Wind
2020-08-09,注意！中航光电：部分高级管理人员计划减持合计约18万股 拟减持股份,每日经济新闻
2020-08-09,中航光电：多名高管拟合计减持不超18万股 减持股份,Wind
2020-08-03,国防军工行业周报：战略看多“十四五” 高成长优质标的是超额收益关键,新浪
2020-07-31,军工2020年度中期投资策略：敌戒与自强,新浪
2020-07-31,“新基建”二级市场走俏幕后：公募REITs百日扬帆遇何梗阻？,Wind
2020-07-29,A股早报2020年7月29日星期三,Wind
2020-07-28,"中航光电现2笔大宗交易 共成交23,600.00万元",新浪
2020-07-28,国防军工行业专题报告：Q2主动持仓延续低配 持股集中度依然较高,国海证券
2020-07-27,量化周报：预测下周先呈现反弹 但后续反弹力度仍需观察,新浪
2020-07-27,军工行业跟踪报告：Q2维持低配 军工电子和新材料仍为机构关注重心,新浪
2020-07-27,太刺激！3分钟狂拉120%！刚刚，新三板精选层开市了,中国基金报
2020-07-27,国防军工行业周报：AG600海上首飞成功 关注产业链相关标的投资机会,新浪
2020-07-27,民生军工行业周报：基金持股比例持续下降 布局军工价值显著着,新浪
2020-07-24,2020Q2军工行业基金持仓分析：主动基金低配幅度依然较大 元器件&原材料标的获青睐,新浪
2020-07-24,“天问一号”远征火星军工板块持续活跃,证券时报
2020-07-23,新三板精选层下周一开板，监管要求对标上市公司（附受益股）,证券时报网
2020-07-22,中航光电(002179.SZ)：中航富士达将于7月27日在精选层挂牌,格隆汇
2020-07-22,快讯：中航光电涨停 报于47.67元,金融界
2020-07-20,国防军工行业报告：极具吸引力的科技成长板块正在崛起,新浪
2020-07-20,军工股纷纷秀肌肉！资金狂买这些“硬实力”个股 机构预测还有机会,e公司
2020-07-16,中航科工(02357)：中航富士达公开发行1500万股新股 每股15.96元,智通财经
2020-07-16,中航光电(002179.SZ)：中航富士达已完成向不特定合格投资者公开发行股票,格隆汇
2020-07-13,国防军工行业周报：战略看多“十四五” 高成长优质标的将现稀缺性,新浪
2020-07-13,国防军工行业动态报告：龙头标的估值修复领涨 关注三大投资主线,新浪
2020-07-12,国防军工行业周报：行业景气度持续向上 军工行情有望持续,新浪
2020-07-10,国防军工深度解析精确制导武器产业链之一：现代战争主要耗材 长期快速增长可期,新浪
2020-07-10,国防军工2020年中期策略报告：拨云见日 看好全年业绩增长,新浪
2020-07-07,军工行业周报：市场交易情绪升温 关注军工优质低估值品种修复行情,新浪
2020-07-06,军工行业周报：ARJ21首次交付三大航 国产飞机进入主流民航市场,新浪
2020-07-04,【中信建投国防军工】周报7月第1周：北上资金持续加仓军工，景气延续把握三大主线,韬扬军工高端制造沙龙
2020-07-03,A股接下来往哪走？6大维度揭秘资金流向,每日经济新闻
2020-07-01,军工行业周报：上半年外资增持军工新材料、信息化等板块优质个股,新浪
2020-07-01,中航光电：参股公司富士达首发过会,Wind
2020-07-01,A股早报2020年7月1日星期三,Wind
2020-06-30,上半年收官日机构龙虎榜净买入12股,证券时报
2020-06-30,中航光电(002179.SZ)：中航富士达获核准公开发行不超1500万股新股,格隆汇
2020-06-30,龙虎榜：溧阳路孙哥拉弓搭箭，欢乐海仓皇出逃损失惨重,金融界
2020-06-30,数据复盘|58股主力资金净流入超亿元 机构抢筹中航光电等13股,证券时报网
2020-06-30,龙虎榜：中航光电涨停 三机构买入1.8亿元,e公司
2020-06-30,中航光电龙虎榜数据（6月30日）,Wind
2020-06-30,快讯：中航光电涨停 报于41.01元,金融界
2020-06-30,中航光电长阳涨停，三机构买入1.8亿元,Wind
2020-06-23,中航光电(002179.SZ)：中航富士达公开发行股票并在精选层挂牌事项通过全国股转公司挂牌委员会审核,格隆汇
2020-06-23,中航光电控股子公司中航富士达精选层挂牌获审议通过,中证网
2020-06-22,国防军工行业2020年下半年投资策略：无畏疫情 坚定增长,光大证券
2020-06-22,军工行业周报：坚持实弹演习 武器装备需求持续提升,新浪
2020-06-17,富士达回复精选层审查问询函：合作专利使用不存在期限或限制 问询,资本邦
2020-06-16,富士达：对上市公司中航光电不存在重大依赖,Wind
2020-06-10,103家公司获机构调研（附名单）,证券时报网
2020-06-09,国防军工行业点评报告：军工白马加大底部配置 持续看好工程机械和半导体设备板块,新浪
2020-06-08,民生军工行业周报：订单补偿式增长 看好军工全年业绩表现,新浪
2020-06-08,【东兴机械军工】中航光电：短期业绩和长期成长兼备，伟大的公司终将被市场认可,机械军工e洞察
2020-06-05,中航光电：后续会逐步扩大在特斯拉的供货品种和份额,e公司
2020-06-05,【中金科技】航空航天科技：5月观察：2Q生产进度逐渐恢复；卫星互联网成为两会热议话题,乐平科技视角
2020-06-04,同业竞争、关联交易、涉外诉讼？富士达精选层IPO遭问询 诉讼纠纷,资本邦
2020-06-04,富士达：收到精选层挂牌申请问询函 问询,Wind
2020-06-01,军工行业周报：SPACEX龙飞船升空 商业载人航天大幕开启,新浪
2020-06-01,国防军工行业周报：境外私人企业掀开商业载人航天新篇章 航天产业链有望受益,国海证券
2020-05-30,三大因素支持军工板块走强，机构建议两条主线布局,Wind
2020-05-29,5G前传领域AWG芯片是否形成收入？仕佳光子二回科创板问询函,资本邦
2020-05-26,国防军工行业周报：军工逆周期价值凸显 工程机械、半导体设备进入景气周期,新浪
2020-05-26,【华创军工|行业深度】军工行业2020年一季度基金持仓分析报告：整体配置水平仍处历史低位，持股集中度仍较高,华创军工研究
2020-05-25,富时罗素纳A权重提至25%“聪明钱”看上哪些个股?,财富动力网
2020-05-24,精选层成“分拆上市”新选项 不少A股公司在路上,每日经济新闻
2020-05-22,“分拆上市”新选择！32家精选层受理企业中有4家为A股子公司，还有一大波A股的“分拆上市”在路上,每日经济新闻
2020-05-21,中航光电(002179.SZ)：每10股派现1.5元 股权登记日5月28日,格隆汇
2020-05-21,开源晨会0521丨线下消费：复苏的第二章；影院复业、政策支持或驱动电影板块业绩修复；中航光电,开源证券研究所
2020-05-21,中航光电(002179)：国内电连接器龙头 军民品订单持续增长带动业绩较高速发展,新浪
2020-05-14,国防军工行业投资策略：军工股估值体系新论：比较视野、历史眼光与现时体系,新浪
2020-05-12,晚间重要公告2020年5月12日星期二,Wind
2020-05-12,中航科工(02357.HK)：中航富士达申请公开发行股票并在精选层挂牌,格隆汇
2020-05-12,中航光电：子公司富士达拟申请在精选层挂牌,Wind
2020-05-12,中航光电：子公司申请公开发行股票并在精选层挂牌,e公司
2020-05-12,中航光电(002179.SZ)：富士达拟申请向不特定合格投资者公开发行股票并在全国股转系统精选层挂牌,格隆汇
2020-05-08,144家公司获机构调研（附名单）,证券时报
2020-05-08,工信部：加快推进5G网络建设 六股有望率先发力,证券时报网
2020-05-08,【中金科技】航空航天科技4月观察：“纯内需”受疫情影响小，“卫星新基建”关注度持续提升,乐平科技视角
2020-05-05,“胖五”成功发射 这些公司助力逐梦天宫,上证报
2020-05-05,【民生军工】军工行业2019年年报和2020年一季报综述：一季度业绩承压，全年有望稳定增长,MS国防军工
2020-04-30,69家公司获机构调研（附名单）,证券时报
2020-04-29,中航光电：子公司中航富士达拟筹备公开发行股票并在精选层挂牌工作,Wind
2020-04-29,马斯克“星链”即将商用！ 19家A股上市公司涉“星”,红周刊
2020-04-29,61家公司获机构调研（附名单）,证券时报
2020-04-28,48家公司获机构调研（附名单）,证券时报
2020-04-24,中泰国际：中航科工旗下中航光电首季纯利1.64亿元,新浪
2020-04-23,中航光电一季度实现净利1.64亿元 同比降29.71% 盈利能力下降,上证报
2020-04-23,中航科工(02357-HK)：中航光电一季度少赚29.71% 盈利能力下降,财华社
2020-04-23,中航科工(02357.HK)：中航光电一季度净利润降29.71%至1.64亿元 盈利能力下降,格隆汇
2020-04-23,中航光电(002179.SZ)：一季度净利润降29.71%至1.64亿元 盈利能力下降,格隆汇
2020-04-23,中航光电：一季度净利润同比减少29.71% 盈利能力下降,Wind
2020-04-09,[路演]中航光电：公司和全球主流5G设备厂商具有业务合作,全景网
2020-04-09,[路演]中航光电：公司在国家的新基建领域均有涉足,全景网
2020-04-09,"[路演]中航光电：公司的愿景是成为""全球领先的互连方案提供商""",全景网
2020-04-08,军工避险属性凸显 板块迎来配置窗口期,中国财富网
2020-04-07,【中金电子与通信】航空航天科技3月观察：市场波动下的锚；关注低估值的总装龙头和上游企业,乐平科技视角
2020-04-07,粤开策略：多重利好有望助推A股向上拓展空间,新浪
2020-04-07,86股获券商买入评级 大华股份目标涨幅达74.39%,Wind
2020-04-01,民生银行第二十次会议遭两董事投反对和弃权票 大唐发电盈利下滑 盈利能力下降,金融界
2020-03-31,【中金电子与通信】中航光电（002179.SZ）：2019年业绩符合预期，看好中长期成长性,乐平科技视角
2020-03-31,中航光电（002179）2019年年报点评：主业稳定增长，看好通信业务快速发展,MS国防军工
2020-03-30,中航光电(002179.SZ)：2019年净利升12.56%至10.71亿元 拟10派1.5元,格隆汇
2020-03-30,中航光电：2019年净利润同比增长12.56%,Wind
2020-03-29,【中信建投军工】行业周报（3月第4周）：疫情对行业短期影响较为有限，估值已处低位投资价值愈凸显,韬扬军工高端制造沙龙
2020-03-26,91股获券商买入评级 精工钢构目标涨幅达70.16%,Wind
2020-03-20,下周539.04亿市值限售股解禁，环比增加17.29% 解禁,Wind
2020-03-18,中航光电(002179.SZ)：约332.1万股限制性股票3月23日解禁 解禁,格隆汇
2020-03-13,【中金航空航天科技】中航科工（02357.HK）：低估值的航空工业核心资产标的，给予跑赢行业评级,乐平科技视角
2020-03-11,军工板块走势强劲 机构建议首选绩优龙头,中国财富网
2020-03-08,【中信建投军工】行业周报（3月第2周）：板块业绩快报稳步增长，北上资金持股比例突破1%,韬扬军工高端制造沙龙
2020-03-03,186股获券商买入评级，天康生物目标涨幅达77.28%,Wind
2020-03-02,【安信军工】中航光电：Q2净利润同比增长47%，军工、通讯、新能源汽车领域内生增长确定性高,安信军工冯福章
2020-03-02,【中泰军工李聪】中航光电(002179)年报点评——高额研发影响短期业绩，长期看好军工白马发展前景,微信
2020-03-02,【安信军工】中航光电：受疫情影响2020Q1收入利润出现下滑，关注后续好转进程,安信军工冯福章
2020-02-28,研发投入增长较多 中航光电2019年利润增速低于收入增速,上证报
2020-02-28,中航科工(02357)：中航光电2019年度股东应占净利同比增12.56%至10.71亿元,智通财经
2020-02-28,[公司]中航光电业绩快报：2019年净利润为10.71亿同比上涨12.56%,全景网
2020-02-28,中航光电业绩快报：2019年度营业总收入91.59亿元 销售收入保持较快增长,发布易
2020-02-28,中航光电：2019年净利润同比增12.56%（业绩快报）,Wind
2020-02-28,中航光电(002179.SZ)业绩快报 2019年度净利升12.56%至10.71亿元,格隆汇
2020-02-26,【安信军工】中航光电：归母净利润同比+12.56%，各业务板块稳步提升,安信军工冯福章
2020-02-21,“复工潮”持续，A股公司产能恢复情况全梳理,Wind
2020-02-21,[互动]中航光电：2月10日复工 供货正在逐步恢复正常,全景网
2020-02-17,审计被按“暂停键”，125家上市公司年报披露已延期 延期披露,第一财经
2020-02-12,【国盛军工张润毅】持仓分析|龙头恒强，拐点型公司倍受青睐—2019Q4军工持仓分析,毅军凸起
2020-02-10,【研报掘金】疫情对军工负面影响有限，建议关注三大投资主线,证券时报网
2020-02-07,【中金电子与通信】航空航天科技：4Q基金持仓：主动型基金连续10个季度低配；上游企业关注度较高,乐平科技视角
2020-02-02,【兴业军工】板块低配1.32%，内蒙一机获加仓最多：2019Q4公募基金军工股持仓分析,国防军工参考
2020-01-23,【招商军工|深度报告】军工行业持仓分析：内资持仓比例持续下滑，估值与增长确定性优势凸显,招商军工研究
2020-01-20,中航科工(02357-HK)：中航光电(002179-CN)A股限制性股票激励计划(第二期)股份授予完成,财华社
2020-01-20,中航科工(02357)：中航光电完成授出3104.12万股限制性股票,智通财经
2020-01-14,中航光电(002179.SZ)完成授出3104.12万股限制性股票,格隆汇
2020-01-08,2020国防科技聚焦七大任务 三主线掘金军工板块,第一财经
2020-01-02,今年我国宇航发射有望达“40+”，机构推荐两条投资主线,第一财经
2020-01-02,中航光电(002179.SZ)：赵勇因工作变动申请辞去董事及总经理职务 董监高成员变化,格隆汇
2020-01-01,中航光电：赵勇辞去公司董事及总经理职务 董监高成员变化,Wind
2020-01-01,中航光电：关于董事、总经理辞职的公告 董监高成员变化,新浪
2019-12-27,【招商军工】中航光电（002179）：三季度再创佳绩，增长前景可期,招商军工研究
2019-12-27,中航科工(02357)：中航光电拟向1182名激励对象授予限制性股票3149.34万股,智通财经
2019-12-26,"中航光电(002179)：加大研发投入力度,股权激励彰显信心，维持“买入”评级",太平洋证券
2019-12-16,政策红利带来实质利好 国防军工成长股投资价值显现,大众证券报
2019-12-12,航空工业多家上市公司入选2019年中国上市公司百强排行榜,Wind
2019-12-12,【招商军工|深度报告】军工行业持仓分析：内资持仓比例持续下滑，外资逆势大幅增持,招商军工研究
2019-12-11,中航光电回购计划缩水后终止 实际仅完成计划下限17% 终止回购,大众证券报
2019-12-10,廖宗魁：政治局会议定调2020年政策,粤开崇利论市
2019-12-10,年内17家公司终止回购 多股零购买 终止回购,北京商报网
2019-12-09,中航科工(02357)：中航光电终止回购股份方案 已累计回购29.62万股 终止回购,智通财经
2019-12-09,中航科工(02357.HK)：中航光电(002179.SZ)拟终止回购股份方案 终止回购,格隆汇
2019-12-09,中航光电(002179.SZ)拟终止回购股份方案累计回购29.63万股 终止回购,格隆汇
2019-12-09,中航光电：股价超出回购价上限 拟终止回购股份方案 终止回购,e公司
2019-12-09,中航光电：股价超出回购价上限，拟终止回购股份方案 终止回购,Wind
2019-12-06,中航光电(002179.SZ)：限制性股票激励计划(第二期)获航空工业批复,格隆汇
2019-12-02,中航光电(002179.SZ)截止11月底累计耗资1177.69万元回购0.03%股份,格隆汇
2019-12-02,外资持续流入军工龙头 三条主线有望受益（附股）,证券时报网
2019-11-25,【东北军工陈鼎如/刘中玉】国防军工2020年年度策略报告：关注优质军工资产证券化，挖掘军民两用技术投资价值,东北证券研究所
2019-11-24,【天风军工】大范围激励或将拉开序幕，关注国资改革主线思路,tf防务深评
2019-11-22,【机构风向标】电子行业受机构青睐程度大幅下降，这只龙头股仍有八成上涨空间,证券时报
2019-11-21,中航光电：河南财政厅间接接盘公司9.54%股份,上证报
2019-11-21,中航光电：河南省财政厅通过河南投资集团间接拥有公司9.54%股份,Wind
2019-11-21,中信建投：中航光电开展二期股权激励 维持买入评级,第一财经
2019-11-21,2股获买入评级 最新:中航光电,中财网
2019-11-21,【太平洋军工】中航光电（002179）：股权激励谋长远，军工白马再出发,太平洋军工瞭望台
2019-11-20,30股获券商买入评级 北方华创目标涨幅达55.41%,Wind
2019-11-19,【东兴机械军工】中航光电：限制性股票绑定管理层利益，公司未来将更注重盈利质量,机械军工e洞察
2019-11-19,【招商军工】中航光电（002179）：军民品市场需求旺盛，费用支出造成业绩波动,招商军工研究
2019-11-19,【招商军工】中航光电（002179）：二季度经营业绩实现反弹，盈利能力显著提升,招商军工研究
2019-11-18,中航科工(02357.HK)：中航光电拟向1215名人士授予3206.5万股限制性股票,格隆汇
2019-11-18,中航光电(002179.SZ)拟向激励对象授予3206.5万股股票,格隆汇
2019-11-10,【中信建投军工】三季报维持增长高景气度有望延续，基金持仓水平稳定,韬扬军工高端制造沙龙
2019-11-06,中航科工(02357.HK)：中航光电可转债转股及赎回已全部完成,格隆汇
2019-11-06,中航科工(02357.HK)：中航光电“光电转债”11月7日起摘牌 退市,格隆汇
2019-11-05,中航光电：坚定看好治理改善和科技创新夯实公司中长期发展根基 买入评级,申万宏源
2019-11-04,【民生军工】国防军工2019年三季报综述：业绩环比提升，军工基本面持续向好,MS国防军工
2019-11-03,【兴业军工】军工板块2019年三季报总结：高基数致Q3单季营收利润下滑，不改行业景气向上趋势 盈利能力下降,国防军工参考
2019-11-01,【安信通信】Q3公募基金通信板块持仓提升，持续向核心公司聚焦,通信投研汪
2019-11-01,信息科技：Q3公募基金通信板块持仓提升 荐6股,安信证券
2019-10-31,工业综合：军工持仓占比继续走低 荐4股,银河证券
2019-10-31,中航光电(002179.SZ)已累计回购29.6万股,格隆汇
2019-10-30,中航光电VS航天电器三季报大比拼 魔鬼在细节里,机械军工e洞察
2019-10-26,【兴业军工】19Q3主动公募持仓军工市值占比1%，光威高德菲利华获加仓最多,国防军工参考
2019-10-25,中航光电：军品+通信等景气共振，看好未来三年高增长,证券时报网
2019-10-25,【民生军工】中航光电（002179）简评报告：连接器有望持续突破，全年稳定增长可期,MS国防军工
2019-10-25,"机械行业周报:半导体产业存在回暖迹象,设备企业有望率先受益",国都证券
2019-10-24,中航光电三季报一如既往地优秀 三好学生让人放心,微信
2019-10-24,中航科工(02357.HK)：中航光电三季度净利升19.22%至8.31亿元,格隆汇
2019-10-24,中航光电(002179.SZ)第三季度净利润升11.37%至2.58亿元,格隆汇
2019-10-24,中航光电：前三季度净利润同比增19.22%,Wind
2019-10-18,【东兴机械军工】中航光电还能不能买？,微信
2019-10-17,中航光电：中航光电还能不能买 强烈推荐评级,东兴证券
2019-10-15,中航光电：“光电转债”停止交易,Wind
2019-10-12,下周主流机构最看好的板块个股,都市快报
2019-10-12,人工智能+军工+集成电路要走自主可控之路,金融投资报
2019-10-08,中航光电(002179.SZ)截至9月底累计回购29.6258万股,格隆汇
2019-10-08,中航光电(002179.SZ)：第三季度光电转债转股数约2045.29万股,格隆汇
2019-09-26,20股获券商买入评级 凯乐科技目标涨幅达59.34%,Wind
2019-09-23,航天装备龙头股有望迎来确定性行情,红周刊
2019-09-23,国庆七十周年阅兵临近 军工股“秋收”价值凸显,大众证券报
2019-09-23,【东兴军工】中航光电（002179）事件点评：转债强制赎回期抛压已逐步释放，关注难得的短期加仓良机,东兴研究圈
2019-09-20,20股获券商买入评级 恒华科技目标涨幅达45.39%,Wind
2019-09-20,"中航光电:重点关注光电转债的转股溢价率,正股市场或将迎来加仓配置短暂窗口",申万宏源
2019-09-16,中航光电(002179.SZ)董事会同意公司启动“光电转债”赎回事项,格隆汇
2019-09-09,国庆阅兵首次联合演练，A股军工板块又沸腾！行业景气度持续上升,证券时报网
2019-09-02,中航光电(002179.SZ)截至8月底累计耗资1177.69万元回购0.03%股份,格隆汇
2019-08-26,【民生军工】中航光电(002179)中报点评报告：连接器主业高增长，新兴领域发展可期,MS国防军工
2019-08-26,"中航光电事件点评:下游需求高景气,多管齐下优势强化",国海证券
2019-08-25,【中航光电中报点评】业绩稳健增长，管理水平突出【东吴军工】,透视先进制造
2019-08-23,中航科工(02357.HK)：中航光电上半年净利润增长23.13%至5.73亿元,格隆汇
2019-08-23,中航光电上半年营收45.97亿元 净利5.73亿元,证券日报
2019-08-23,中航科工（2357.HK）：受益于航空整机及零部件业务，中期营收增长23.49%,格隆汇
2019-08-23,中航光电(002179.SZ)上半年扣非归母净利增22.87%至5.6亿元,格隆汇
2019-08-23,中航光电：上半年净利润同比增23.13%,Wind
2019-08-19,航天电器跟踪报告：军用连接器双强格局稳固，航天电器经营效率提高,军工分析狮
2019-08-19,【东兴军工机械】中航光电（002179）：大牛股的奥秘 ——上市以来及近两年股价全景式复盘,东兴研究圈
2019-08-14,中航光电(002179.SZ)回购注销8104股限制性股票,格隆汇
2019-08-13,科技股集体大涨 华为概念霸屏A股涨停榜,证券时报
2019-08-09,国防军工行业周报:国防白皮书官宣军费将继续适度增长,世纪证券
2019-08-05,军工行业有望维持高景气，这些细分领域标的获机构青睐,第一财经
2019-07-30,中航光电(002179.SZ)修订股份回购方案 回购股份资金额下调至0.7亿元-1.35亿元,格隆汇
2019-07-25,国防军工：持仓占比处于低位，关注三季度投资机会，维持“增持”评级,格隆汇
2019-07-25,【中信建投军工|行业动态】持仓占比处于低位，关注三季度投资机会,韬扬军工高端制造沙龙
2019-07-21,【民生军工】2019Q2国防军工基金重仓持股动态报告：重仓持股比例新低，基金加仓空间显著,MS国防军工
2019-07-18,机械制造：雄安新区2020年底前公交等运营车辆实现新能源化,川财证券
2019-07-17,机械制造：工信部公示第322批新车目录,川财证券
2019-07-16,A股缩量震荡背后：基金小幅减仓，外资加码大消费,Wind
2019-07-15,四大券商周二看好六大板块,证券之星
2019-07-07,工业综合：关注军工领域投资机会 荐13股,中信建投
2019-07-07,业绩预警！这些股中报业绩大幅下滑 10股预亏超亿元 预亏,证券时报
2019-07-05,中航光电：与雷诺合作并逐步开拓大众等欧美主流车企,第一财经
2019-07-01,中航光电(002179.SZ)已累计回购29.6万股,格隆汇
2019-07-01,中航光电收深交所监管函 问询,Wind
2019-07-01,华为概念市值暴涨千亿，持续高增长的超跌华为概念股看过来（名单）,中财网
2019-06-25,深天马拟投资50万元，加入印度布局,维库电子市场
2019-06-21,中航光电股东中航科工增持171万股 耗资5950万元,挖贝网
2019-06-20,中航科工(02357-HK)增持中航光电(002179-CN)至41.39%,财华社
2019-06-19,中航科工(02357.HK)耗资5950万元累计增持中航光电171.13万股,格隆汇
2019-06-19,中航光电(002179.SZ)：中航科工增持计划实施完成 耗资5950万元增持171.13万股,格隆汇
2019-06-18,工业综合：布局核心资产和资产证券化两条主线 荐7股,广发证券
2019-06-17,军工板块逆市走强 机构看好低位布局机会,中证报
2019-06-16,工业综合：军品采购需求创新高 关注行业绩优白马,川财证券
2019-06-13,"国防军工行业周报:授权清单印发,国企改革深化",国海证券
2019-06-12,机械行业:中航光电,信达证券
2019-06-06,58股逆市创历史新高 医药等大消费公司最多,投资快报
2019-06-04,中航光电(002179.SZ)截至5月底累计回购1177.693万元的股份,格隆汇
2019-05-30,"军工2018年及2019q1财报分析:军工业绩增长稳健,航空装备、新材料板块表现抢眼",联讯证券
2019-05-28,中信建投高端制造最新投资策略,中信建投证券研究
2019-05-24,【行业点评】军工丨2018年和2019Q1业绩总结：利润增长超预期，行业基本面改善持续,中国银河证券研究
2019-05-21,【国盛军工｜重磅】2019中期投资策略：大国重器，高端铸基,毅军凸起
2019-05-21,26股获券商买入评级 广汇汽车目标涨幅达57.38%,Wind
2019-05-16,中航光电科技股份有限公司关于“光电转债”恢复转股的提示性公告,证券时报
2019-05-15,中航光电：加强研发投入 增强公司可持续发展动力,信达证券
2019-05-12,中航光电(002179.SZ)拟10派1.3元及转增3股 股权登记日为5月16日,格隆汇
2019-05-10,【东兴军工】行业专题：国产民用大飞机制造产业研究,军工e洞察
2019-05-09,中航光电：未来产品将定位于中高端市场 市场空间增长强劲,证券时报网
2019-05-06,中航科工(02357.HK)：中航光电已累计回购约29.63万股,格隆汇
2019-05-06,【民生军工】2018年年报及2019年一季报业绩综述：Q1业绩改善明显，全年增长可期,MS国防军工
2019-05-05,[快讯]中航光电回购公司股份情况通报,中财网
2019-05-05,工业综合：推荐关注绩优白马标的 荐15股,国海证券
2019-05-05,【国盛军工】2019Q1军工行业基金持仓情况与变化分析,毅军凸起
2019-04-29,中航光电一季度净利2.33亿同比增长39% 现金流量净额为-1794万元,挖贝网
2019-04-29,商业航天产业蓬勃发展 3只绩优股被10家以上机构推荐,证券日报
2019-04-29,"中航光电:一季度增长超预期,全年业绩有望实现较高增速",东北证券
2019-04-25,中航科工(02357.HK)：中航光电一季度净利升39.14%至2.33亿元,格隆汇
2019-04-25,中航光电：一季度净利润同比增39.14%,Wind
2019-04-10,287家公司研发占比超高新技术企业门槛 机构调研30只潜力股,证券日报
2019-04-09,中航光电：军民融合发展撬动成长空间 买入评级,和讯
2019-04-09,因为这个变化，有公司靠“炒股”业绩暴增30倍！新会计准则的影响到底有多大？,Wind
2019-04-04,海通军工行业周报(第59期):持续关注具备改革预期标的,正点财经
2019-04-03,中航光电：监事曹贺伟因工作分工变动辞职 董监高成员变化,Wind
2019-04-02,中航光电2018总营收78.16亿元 同比大幅增长,Ofweek
2019-03-28,逾六成披露年报公司筹码趋向集中，70家公司股东户数降幅超10%,证券日报
2019-03-27,工业综合：业绩改善 景气回升,和讯
2019-03-26,中航科工(02357.HK)：中航光电首次回购20.58万股 耗资817.88万元,格隆汇
2019-03-26,【异动股】大飞机板块下挫，中航光电(002179-CN)跌5.24%,财华社
2019-03-26,中航光电：民品拉动营收增长 转战新能源前景是否可期？,面包财经
2019-03-26,"中航光电:营收快速增长,受益下游高景气",国海证券
2019-03-25,"中航光电:业绩保持稳定增长,践行军民融合战略",正点财经
2019-03-25,"中航光电:业绩略超预期,军民品未来增长趋势明确",正点财经
2019-03-25,军工行业周报(第58期):关注改革预期以及一季报业绩较好标的,正点财经
2019-03-25,【军工-中航光电(002179)】李俊松、李聪（研究助理）：业绩略超市场预期，军民领域均有望保持高速增长-20190323,中泰证券研究所
2019-03-24,工业综合：板块个股业绩向好 军工景气度回升,川财证券
2019-03-23,【中信建投军工|行业动态】当前继续看好军工板块的三大逻辑,韬扬军工高端制造沙龙
2019-03-22,下周638亿市值限售股解禁，环比增加449% 解禁,Wind
2019-03-22,[快讯]中航光电254万限售股3月25日解禁,中财网
2019-03-22,"中航光电:收入利润稳健增长,整体经营状况良好",东吴证券
2019-03-21,【安信军工-年报点评】中航光电：18年归母净利润增长15.56%，预计未来两年增长是大概率事件,安信军工冯福章
2019-03-21,一图读财报：中航光电2018年度营收同比增长22.86%,中金在线
2019-03-21,【招商军工】中航科工2018年报点评：三大主业稳步增长，集团旗舰地位有望进一步发挥,招商军工研究
2019-03-21,【安信军工】中航光电：发布业绩快报，2019年归母净利润10.71亿元,安信军工冯福章
2019-03-21,中航光电去年净利9.54亿同比增15.56% 董事长郭泽义年薪104万,挖贝网
2019-03-21,"中航光电:营收增速显著提高,民品市场快速拓展",东北证券
2019-03-20,中航光电：2018年年度报告主要财务指标及分配预案,深交所
2019-03-20,中航光电：2018年净利增16% 拟10转3派1.3,e公司
2019-03-20,中航光电：2018年净利润同比增15.56%，拟10转3派1.3元,Wind
2019-03-20,"国防军工行业:市场情绪趋于理性,重点配置龙头白马",东北证券
2019-03-19,军工变奏：采购订单高峰季启幕 证券化浪潮在途,证券时报
2019-03-14,[看好评级]军工行业周报：2019国防军费预算公布 符合预期,中财网
2019-03-14,[看好评级]国防军工行业：波音737MAX8两次发生事故 国产大飞机挑战与机遇并存,中财网
2019-03-12,中航光电：公司是华为的全球金牌供应商,Wind
2019-03-11,"国防军工行业:全球军费进入扩张周期,军工景气度将持续上行",东北证券
2019-03-07,【安信军工-行业报告】军工行业债专题研究,安信军工冯福章
2019-03-07,工业综合：军工行业债专题研究,安信证券
2019-03-05,"中航光电:净利润增长超预告上限,国际业务增长超预期,5G、新能源等民品迎发展机遇",正点财经
2019-03-01,10家光通信企业2018业绩解读 高端玩家将获更大市场,Ofweek
2019-02-28,中航光电：坚定看好军工白马业绩稳健与成长弹性兼容并蓄,证券时报网
2019-02-28,两会召开在即，国企改革再次刷屏，这些要点必看,Wind
2019-02-28,"国防军工行业周报:泰州舰亮剑东海立体作战,飞龙-1无人机实现首飞",正点财经
2019-02-27,中航光电：业绩符合预期，国际业务助力公司发展,证券时报网
2019-02-27,中航光电2018年净利润9.54亿元 国际业务实现高速增长,挖贝网
2019-02-26,中航科工(02357.HK)：中航光电2018年度净利润升15.56%至9.54亿元,格隆汇
2019-02-26,中航科工(02357-HK)附属中航光电2018年全年溢利9.5亿元,财华社
2019-02-26,中航光电：2018年净利润同比增15.56%（快报）,Wind
2019-02-26,"国防军工行业:军备竞争日趋激烈,看好行业长期机会",东北证券
2019-02-25,"国防军工行业周报:市场风险偏好提升,看好军工板块表现",国海证券
2019-02-21,中航光电：有适用5G光传送系统的光背板产品,Wind
2019-02-21,【招商军工】军工整体配置比例仍低，主动型基金重仓航空产业链——2018Q4公募基金军工持仓分析,招商军工研究
2019-02-18,【国盛军工｜E周刊】111期〓逆周期叠加高景气，民参军关注度提升—2019年第7周报@02.17,毅军凸起
2019-02-18,"国防军工行业:行业景气持续上行,看好板块配置价值",东北证券
2019-02-02,"国防军工行业周报:军工增长稳健,看好网络安全领域",东兴证券
2019-01-28,"国防军工行业2018Q4基金持仓分析:逆周期叠加高景气,民参军关注度提",正点财经
2019-01-23,中航光电将花不超2.5亿元回购公司股份 用于股权激励,挖贝网
2019-01-21,"国防军工行业周报:民船重组有望,军船持续景气",国海证券
2019-01-16,工业综合：军工国企混改大幕开启 荐5股,和讯
2019-01-16,国防军工行业周报:对今年军工行情可以更加乐观,东兴证券
2019-01-14,"国防军工行业周报:打造一流示范企业,国企改革加速深化",国海证券
2019-01-11,中航光电:完成特斯拉配套卡位!军民双主业共振进入拐点,中证网
2019-01-09,"国防军工行业周报:高层密集指示军队建设及训练工作,坚定看好军工全面投资行情",申万宏源
2019-01-08,2019年机构注意力转向何方，百只个股被扎堆看好或存“升”机,证券日报
2019-01-04,39股获券商买入评级 平治信息目标涨幅达99.11%,Wind
2019-01-03,极具成长空间6股现黄金买点（1.3）,中金在线
2019-01-03,"航空航天行业2019年第1周周报:许可目录调整短期影响有限,关注飞行器产业链",正点财经
2019-01-03,【头条研报】一、二季度军工股将产生超额收益(附股),新浪
2019-01-03,中航光电：工业互连技术龙头 军民融合发展撬动成长空间,东北证券
2019-01-03,巨丰早评：外盘低开高走利于A股企稳,巨丰财经
2019-01-03,"军工行业周报:主机厂全年基本面高增长确定,坚定看好军工全年行情",申万宏源
2019-01-02,巨丰收评：权重表现低迷 市场仍有下探,巨丰财经
2019-01-02,巨丰午评：权重集体砸盘 市场初现曙光,巨丰财经
2019-01-02,"国防军工行业周报:新版目录发布,大幅降低准入门槛",国海证券
2018-12-28,【晨会1228】海南离岛免税全覆盖落地,中信建投证券研究
2018-12-27,【中航光电(002179)】公司回购股票，彰显发展信心,中信建投证券研究
2018-12-26,年内超650家公司披露回购计划,中证报
2018-12-26,"军工行业周报:免税目录调整影响有限,坚定看好军工长期投资价值",申万宏源
2018-12-25,大参考：中央农村工作会议召开在即 配套政策或将加速落地,巨丰财经
2018-12-25,金股预测早间版：8股有望开启估值修复,巨丰财经
2018-12-25,巨丰早参：国常会表示将加快民企上市和再融资审核,巨丰财经
2018-12-24,中航光电拟回购公司股份,证券日报
2018-12-24,中航光电拟以不超过41元/股回购1.3亿-2.5亿元股份,网易
2018-12-24,中航光电：拟以1.3亿元-2.5亿元回购股份,Wind
2018-12-23,巨丰原创：央企改革再提速 关注五大集团投资性机会,巨丰财经
2018-12-20,18股获券商买入评级 万科A目标涨幅达54.53%,Wind
2018-12-20,11家央企上榜第二批国有资本投资公司试点 中航系新一轮资本运作大幕开启,21世纪经济报道
2018-12-19,中航光电：下跌传言解答 强烈推荐评级,东兴证券
2018-12-19,"军工行业周报:关注航空产业链后续机会,看好军工长期投资价值",申万宏源
2018-12-18,中航光电：控股股东拟增持5000万元至1亿元,Wind
2018-12-18,中航光电：控股股东拟5000万至1亿元增持股份,e公司
2018-12-18,中航光电：控股股东增持128.45万股 拟继续增持,金融界
2018-12-18,4万亿蠢蠢欲动，军工“小资产大集团”逐渐改观,Wind
2018-12-18,中航光电股价大跌5.03% 股价创9个月以来新低,中金在线
2018-12-16,新能源汽车机会越来越明晰,巨丰财经
2018-12-14,中航科工一度跌近10% 拟折价8.24%配售2.79亿股,腾讯网
2018-12-12,[快讯]中航光电:华创证券有限责任公司、中航证券有限公司公司使用募集资金置换预先投入募投项目自筹资金的核查意见,中财网
2018-12-11,"军工行业周报:装备系统专项整肃对总装主体影响有限,坚定看好军工长期投资价值",申万宏源
2018-12-10,"中航光电三季报点评:收入确认向好,四季度军品占比或提升",正点财经
2018-12-07,中航光电：新能源汽车业务整体盈利情况较为稳定,e公司
2018-12-06,中航光电发行可转债 募资总额13亿元,挖贝网
2018-12-05,"军工行业周报:19年总装标的基本面改善或将持续,看好军工行业长期投资机会",申万宏源
2018-12-04,A股市场各大指数成份股密集调整 6股成多个指数新宠,证券时报
2018-12-04,"国防军工行业周报:第三艘航母确认在建,关注分系统和核心配套",国海证券
2018-12-01,巨丰原创：新能源汽车接过领涨大旗,巨丰财经
2018-11-30,5G三大领域建设有望持续推进 机构集中看好12只绩优股,证券日报
2018-11-26,工业综合：坚定看好军工长期投资机会 荐4股,申万宏源
2018-11-19,"军工行业周报:军工资产整合预期升温,看好军工全年行情表现",申万宏源
2018-11-15,政策暖风频吹，军工整合暗流涌动，这些必看,Wind
2018-11-14,14股获券商买入评级 思创医惠目标涨幅达89.75%,Wind
2018-11-14,"中航光电:事件点评,毛利率总体可控,四季度盈利状况或显著改善",东兴证券
2018-11-13,中航光电：四季度盈利状况或显著改善 强烈推荐评级,东兴证券
2018-11-11,【东兴军工】三季度基金两大重仓王：中航光电和中航沈飞,军工e洞察
2018-11-09,【东兴军工】中航光电：调整勿忧 四季度盈利将显著改善,军工e洞察
2018-11-08,【东北固收李勇·转债分析】光电转债投资价值分析,李勇宏观债券研究
2018-11-06,[快讯]转债中签结果：中航光电公布中签号,中财网
2018-11-06,中航光电可转债中签结果出炉 共7.79万个,e公司
2018-11-05,工业综合：三费支出显著下降 荐10股,中信建投
2018-11-02,[路演]中航光电：100余项技术或产品被认定为国际先进或国际领先水平,全景网
2018-11-01,资质优良的军工电子核心标的 | 光电转债发行定价及申购建议,债市覃谈
2018-11-01,看好中国｜建军强国——军工行业整体业绩复苏 个股有望迎来估值修复时机,巨丰财经
2018-10-30,董秘解码：中航光电未来两年预计营收增速将超20%,巨丰财经
2018-10-30,中航光电：防务领域订货增长趋势明显,Wind
2018-10-30,中航光电：防务领域订货增长趋势明显,e公司
2018-10-30,A股早报2018年10月30日星期二,Wind
2018-10-29,工业综合：央企龙头仍是首选 荐11股,中信建投
2018-10-29,【招商军工】中航科工：下属上市公司业绩向好，航空高科技旗舰持续加速,招商军工研究
2018-10-29,中航光电：10月26日融资余额为2.37亿元，较前一日骤增12.75%,Wind资讯
2018-10-28,工业综合：军工股持仓集中度持续提升 荐5股,广发证券
2018-10-26,【中航光电】Q3经营状况良好，收入利润快速增长【东吴军工陈显帆】,透视先进制造
2018-10-25,中航光电：前三季度净利润同比增10.75%,Wind
2018-10-24,银河证券：军工行业有望取得超额收益,Wind
2018-10-18,【招商军工|19中期策略】业绩明显改善，国改进程箭在弦上,招商军工研究
2018-10-17,中原经济区板块股票有哪些？中原经济区板块股票汇总,益盟操盘手
2018-09-26,中航光电：9月25日融资余额为2.73亿元，较前一日骤增7.08%,Wind资讯
2018-09-25,9月25日有51家公司获重要股东增减持 包钢股份已被连续增持62次,Wind
2018-09-25,工业综合：重点关注央企龙头 荐11股,中信建投
2018-09-25,工业综合：军工行业净利润提升超过3% 荐11股,中信建投
2018-09-25,【数据揭秘】09月21日 融资客最看好的前20只个股,每日经济新闻
2018-09-20,“飞龙在天”之创新高模型：中航光电(002179),投资快报
2018-09-17,【数据揭秘】09月14日 融资客最看好的前20只个股,每日经济新闻
2018-09-16,工业综合：继续关注业绩优异的整机厂与低估值龙头,方正证券
2018-09-12,"军工行业周报:个税及社保改革对军工影响较小,坚定看好军工全年行情",申万宏源
2018-09-09,工业综合：反转逻辑继续演绎 荐9股,国盛证券
2018-09-06,"中航光电:中报收入稳健增长,看好连接器龙头军民融合式发展",方正证券
2018-09-06,【晨会聚焦】中报分红的机遇与风险,中泰证券研究所
2018-09-06,【军工】杨帆：中报分析：航空陆装表现突出，主机厂业绩靓丽，军工行业基本面持续好转-20180905,中泰证券研究所
2018-08-30,8月30日券商晨会研报汇编,证券日报
2018-08-30,【安信军工-中报点评0826】中航光电：归母净增长5.38%，收入增速高于利润增速 ，存货大幅增长,安信军工冯福章
2018-08-28,[买入评级]中航光电(002179)中报点评：民品快速增长 军品稳步增长 全年业绩增速有望回升,中财网
2018-08-28,[强烈推荐评级]中航光电(002179)半年报点评：收入确认改善明显 利润逐季释放可期,中财网
2018-08-28,[增持评级]中航光电(002179)点评报告：业绩稳健增长 看好公司长期发展前景,中财网
2018-08-28,[看好评级]军工行业周报：重点公司中报符合预期 坚定看好军工全年投资机会,中财网
2018-08-28,[买入评级]电子行业研究周报：通信连接器 5G时代迎来发展良机,中财网
2018-08-28,[推荐评级]中航光电(002179)中报点评：中报收入稳健增长 看好连接器龙头军民融合式发展,中财网
2018-08-28,[买入-A评级]中航光电(002179)中报点评：归母净增长5.38% 收入增速高于利润增速 存货大幅增长,中财网
2018-08-28,【东兴军工】中航光电中报点评：收入确认改善明显，利润逐季释放可期,军工e洞察
2018-08-27,【中航光电】业绩稳健增长，看好公司长期发展前景【东吴军工陈显帆】,透视先进制造
2018-08-27,[增持评级]中航光电(002179)中报点评：中报利润增速放缓 全年依旧看好,中财网
2018-08-27,[增持评级]军工行业周报：成长和改革有望迎边际变化 首选飞行器产业链,中财网
2018-08-27,国防军工行业:中航光电AB指标齐放量 三角度看军工基本面变化,天风证券
2018-08-27,[推荐评级]中航光电(002179)中报点评：2H18关注可转债发行、军品订单与收入增长,中财网
2018-08-27,[审慎增持评级]中航光电(002179)深度研究：国企尖兵体制致胜 成长强劲赛道长远,中财网
2018-08-27,中航光电事件点评：产品需求增长，市场份额提升,国海证券
2018-08-27,[审慎增持评级]中航光电(002179)中报点评：业绩环比改善显著 存货预示后程加速,中财网
2018-08-27,航空航天军工行业周报：中报业绩密集发布 持续关注拐点逻辑的信号验证,中财网
2018-08-26,军工行业景气度拐点确立,顶尖财经网
2018-08-24,中航光电：2018年前三季度业绩报告预告,深交所
2018-08-24,中航光电：上半年净利润同比增5.37%,Wind
2018-08-22,8月22日有42家公司获重要股东增减持 浙江永强已被连续增持29次,Wind
2018-08-22,[增持评级]国防军工行业周报：双百行动加速国企改革 重点聚焦央企龙头,中财网
2018-08-22,国防军工行业:自主可控军工IC再成重点,天风证券
2018-08-20,[增持评级]国防军工行业周报：基本面持续改善 首选成长白马,中财网
2018-08-20,[优于大市评级]海通军工行业周报：关注低估值品种,中财网
2018-08-19,工业综合：双百行动助力军工企业混改 荐12股,方正证券
2018-08-17,半导体行业周报：韦尔股份将成中国传感器霸主 闪存行业新架构出炉 3星级,中财网
2018-08-14,关于核准中航光电科技股份有限公司公开发行可转换公司债券的批复,证监会
2018-08-13,[增持评级]航空航天行业周报：看好军工反弹 推荐飞行器产业链,中财网
2018-08-13,航空航天军工行业周报：中船重工集团启动增持 关注估值底部布局机会,中财网
2018-08-13,"国防军工行业周报:军工企业禁售事件充分消化,关注板块修复性投资机会",国海证券
2018-08-07,"中航光电:军民融合典范,18年或将开启新一轮增长",安信证券
2018-08-01,[领先大市-A评级]国防军工行业每周观点：机构重仓持股比例下降 中报订单数据进一步好转,中财网
2018-08-01,[买入评级]中航光电(002179)简评：上半年业绩稳健增长 产能扩张持续增长可期,中财网
2018-07-31,[增持评级]2018Q2军工基金持仓研究：军工持仓小幅下降 首选飞行器产业链,中财网
2018-07-31,[推荐评级]军工行业周报：以“美”为鉴 深化改革助力军工成长,中财网
2018-07-31,[买入评级]中航光电(002179)点评：营收增长超预期 业绩拐点式提升,中财网
2018-07-31,[增持评级]中航光电(002179)动态点评：民用业务快速增长 防务业务稳步增长,中财网
2018-07-31,[强烈推荐评级]中航光电(002179)半年度业绩快报点评：收入确认改善明显 利润增速有望逐季回暖,中财网
2018-07-31,52股获券商买入评级，光大银行目标涨幅达68.03%,Wind
2018-07-31,[买入评级]中航光电(002179)点评：军工高景气传导已至配套企业 白马龙头持续远航,中财网
2018-07-31,"军工行业周报:重点公司中报符合预期,坚定看好军工后续行情",申万宏源
2018-07-30,申万宏源：中航光电维持买入评级,顶尖财经网
2018-07-30,明日最具投资机会六大牛股一览（2018年7月30日）,中财网
2018-07-30,[增持评级]国防军工行业周报：第五艘055大驱分段现身 第二架国产大飞机C919下周开始试飞,中财网
2018-07-30,[优于大市评级]海通军工行业周报：零部件龙头业绩向好 板块中报反映军工订单恢复逻辑有望较一季报更显著,中财网
2018-07-30,[增持评级]航空航天行业周报：持续看好军工反弹 首选飞行器产业链,中财网
2018-07-30,航空航天军工行业周报：逐季度改善逻辑初步验证 维持推荐板块龙头,中财网
2018-07-30,[增持评级]中航光电(002179)中报业绩预告点评：中报利润增速放缓 全年依旧看好,中财网
2018-07-29,工业综合：第二架国产大飞机C919下周开始试飞 荐9股,中泰证券
2018-07-29,[推荐评级]中航光电(002179)业绩预览：2Q收入快速增长、利润恢复增长 下半年有望进一步改善,中财网
2018-07-29,[审慎增持评级]中航光电(002179)点评：收入重回快速增长区间 利润且看下半年军工发力,中财网
2018-07-29,[买入评级]中航光电(002179)点评：二季度环比大幅改善 看好全年业绩增长,中财网
2018-07-27,中航光电：上半年净利润同比增5.38%（快报）,Wind
2018-07-27,中航光电：半年报预增5.38%,金融界
2018-07-27,[推荐评级]军工行业简评：去杠杆强化马太效应 公募基金独宠龙头和白马,中财网
2018-07-27,中航科工(02357-HK)：中航光电(002179-CN)上半年净利润为4.65亿元,金融界
2018-07-27,国防军工行业事件点评:2018Q2军工板块的基金重仓持股分析,东兴证券
2018-07-26,中航光电:受益于能源汽车应用场景拓展和国产替代,中证网
2018-07-26,[增持评级]国防军工行业动态点评：二季度持仓占比稳中有升 持股集中度大幅提升,中财网
2018-07-26,2018第三届中国军民融合主题展将举行 军民融合概念股有哪些,南方财富网
2018-07-26,冯福章:重点关注航空 可选主机厂和便宜零部件公司,金融界
2018-07-25,[看好评级]公募基金2018Q2军工重仓股持仓占比统计：2018Q2军工重仓占比仍然处于历史低位 看好全年投资机会,中财网
2018-07-25,中航光电系列报告之三:军用连接器领域的国际巨头,东兴证券
2018-07-24,军工混改率先掀起第三批央企混改试点炒作大幕！,巨丰财经
2018-07-24,【安信军工-每周观点0722】重申关注军工板块跟随创业板的反弹性机会，18年军工板块将呈现明显的阶段性行情,安信军工冯福章
2018-07-24,[领先大市-A评级]2018Q2公募基金持仓分析(国防军工行业)：四年低位 集中于主机厂和航空产业链,中财网
2018-07-24,看好中国｜建军强国——央企第三批混改望提速军改,巨丰财经
2018-07-24,【东兴军工】一论航天电器：宜军宜民宜外延,军工e洞察
2018-07-24,[增持评级]国防军工行业周报：公募军工持仓集中度大幅提升 建议逐步中线布局,中财网
2018-07-23,三类军工股强势崛起 逾9亿元资金追捧59只概念股,证券日报
2018-07-23,[买入评级]国防军工行业18Q2公募基金持仓分析：持仓创近五年新低 有望迎新一轮行情,中财网
2018-07-23,[增持评级]航空航天行业周报：看好军工反弹 重点推荐飞行器产业链,中财网
2018-07-23,航空航天军工行业周报：关注市场风险偏好变化 重申推荐优质军工龙头,中财网
2018-07-23,基金2Q18军工持仓分析(航空航天军工行业)：整体持仓回落 继续拥抱价值龙头,中财网
2018-07-23,安信冯福章：基金持仓比例下降 继续关注军工反弹,金融界
2018-07-22,【东兴军工】基金中报重仓军工持股分析,军工e洞察
2018-07-20,[看好评级]国防军工行业动态跟踪：新星箭首发 商业航天进展迅速,中财网
2018-07-19,【东兴军工】四论中航光电：新能源车零部件领跑者,军工e洞察
2018-07-18,中航光电2018年一季度报告：连接器企业绝对的龙头，营业收入14.77亿元,维库电子市场
2018-07-17,[增持评级]国防军工行业周报：中报预告整体向好 拐点将至建议中线布局,中财网
2018-07-17,中航光电：可转债顺利过会，发展再添动力,国海证券
2018-07-16,第十七届发审委2018年第100次会议审核结果公告,证监会
2018-07-16,中航光电：公开发行可转债申请获得通过,金融界
2018-07-16,中航光电、洲明科技发行可转债获证监会通过,e公司
2018-07-16,中航光电：可转债发行申请获发审委审核通过,Wind
2018-07-16,航空航天军工行业周报：贸易摩擦再度升级 重申军工核心标的防御性特征,中财网
2018-07-16,[优于大市评级]海通军工行业周报：军工订单恢复逻辑有望在半年报中得到更充分体现,中财网
2018-07-14,东兴证券：中航光电买入评级,顶尖财经网
2018-07-13,[强烈推荐评级]中航光电(002179)系列报告之一：三年翻番的五点逻辑,中财网
2018-07-13,[看好评级]国防军工行业动态跟踪：国防强基深入推进 先研后补提效增速,中财网
2018-07-12,第十七届发审委2018年第100次工作会议公告,证监会
2018-07-12,美晨生态、中航光电、洲明科技发行可转债事项7月16日上会,Wind
2018-07-10,[增持评级]国防军工行业周报：T800碳纤维首次工程应用 拐点将至关注龙头,中财网
2018-07-08,[看好评级]国防军工行业事件点评：重点军工上市公司2018中报预测及看点梳理,中财网
2018-07-06,43股获券商买入评级 万科A目标涨幅达95.23%,Wind
2018-07-06,航空航天军工行业热点速评：波音拟整合巴航工业民机业务 全球民机产业集中度进一步提升,中财网
2018-07-05,[买入评级]中航光电(002179)深度报告：市场基因成就精品连接 系统集成强化领先优势,中财网
2018-07-05,"国防军工行业周报:超跌反弹明显,靴子仍未落地",东兴证券
2018-07-04,[看好评级]国防军工行业动态跟踪：业绩和改革拐点渐进 看好军工板块投资,中财网
2018-07-03,[领先大市-A评级]国防军工行业每周观点：关注军工板块跟随创业板的反弹性机会,中财网
2018-07-03,[增持评级]国防军工行业周报：机载集成迈出重要一步 建议逐步进行中线布局,中财网
2018-07-03,【安信军工-每周观点0701】关注军工板块跟随创业板的反弹性机会,安信军工冯福章
2018-07-02,[优于大市评级]军工行业周报：板块存超跌反弹机会,中财网
2018-07-02,安信冯福章：关注军工板块跟随创业板的反弹性机会,金融界
2018-06-29,【主题研究】船舶配套专题：全面推进国产替代 力争实现弯道超车,中财网
2018-06-26,军工行业2H18投资策略：板块估值触底 布局优质龙头,中财网
2018-06-26,"国防军工行业深度分析:发轫之力,重申18年基本面变化和阶段性行情",中证网
2018-06-25,【安信军工-每周观点0624】维持18年基本面变化和阶段性行情的判断，典型标的调整到估值相对底部位置将出现板块配置性机会,安信军工冯福章
2018-06-25,看好中国｜建军强国——三大逻辑或将带来未来投资机会,巨丰财经
2018-06-24,看好中国｜建军强国——事件性因素或催生短期机会,巨丰财经
2018-06-21,军工行业中期策略：看好行业基本面改善的持续验证,金融界
2018-06-21,17股获券商买入评级 滨江集团目标涨幅达70.87%,Wind
2018-06-21,【军工-冯福章】行业深度：发轫之力——重申18年基本面变化和阶段性行情,安信证券研究
2018-06-19,【安信军工-每周观点0617】维持18年基本面变化和阶段性行情的判断，典型标的调整到估值相对底部位置将出现板块配置性机会,安信军工冯福章
2018-06-19,"国防军工行业周报:板块深度调整,关注优质个股",国海证券
2018-06-15,国泰君安：建议“增持”中航光电,中证网
2018-06-15,36股获券商买入评级 中国医药目标涨幅达62.33%,Wind
2018-06-14,[增持评级]中航光电(002179)公司首次覆盖：军用连接器龙头企业 军民业务协同发展,中财网
2018-06-13,"军工行业周报:军工板块持续调整,逢低布局占先机",正点财经
2018-06-12,[增持评级]国防军工行业周报：空军战机加速列装 拐点将至关注龙头,中财网
2018-06-12,[增持评级]航空航天行业周报：首选飞行器产业链与优质白马,中财网
2018-06-11,[增持评级]国防军工行业周报：短期市场风险偏好回落 军工板块受到一定压制,中财网
2018-06-11,看好中国｜建军强国——静待军工混改推行带来行业修复性机会,巨丰财经
2018-06-11,[增持评级]海通军工行业周报：重点关注主机厂及国企改革双主线,中财网
2018-06-11,[增持评级]国防军工行业2018年中期投资策略报告：拐点临近 聚焦龙头,中财网
2018-06-07,中航光电：二季度订单饱满，产能利用率较高,Wind
2018-06-07,[领先大市-A评级]国防军工行业每周观点：维持18年基本面变化和阶段性行情的判断 典型标的调整到估值相对底部位置将出现板块配置性机会,中财网
2018-06-06,【安信军工-每周观点0603】维持18年基本面变化和阶段性行情的判断，典型标的调整到估值相对底部位置将出现板块配置性机会,安信军工冯福章
2018-06-06,"军工行业2018年中期策略展望:首选飞行器产业链,关注改革进展",正点财经
2018-06-04,[增持评级]航空航天行业周报：看好飞行器产业链 优质白马是首选,中财网
2018-06-04,[增持评级]军工行业周报：关注一季报资产负债表中积极变化 寻找估值扩张期标的,中财网
2018-06-04,"国防军工行业周报:贸易摩擦再起波澜,国防军工支撑高端制造",国海证券
2018-05-31,[增持评级]海通军工行业周报：行业反转可期,中财网
2018-05-30,动真格了！军工集团证券化加速，下一个是谁？,--
2018-05-29,[增持评级]国泰君安军工行业2018年中期策略展望：首选飞行器产业链 关注改革进展,中财网
2018-05-28,"国防军工行业周报:板块继续调整,关注优质个股",国海证券
2018-05-25,机械行业:中航光电,信达证券
2018-05-22,【安信军工-年报点评0319】中航光电：集成化产品营收大幅增长，净利率和单季度营收创历史新高,安信军工冯福章
2018-05-22,[领先大市-A评级]国防军工行业每周观点：基本面改善和军工体制改革推进依然是军工行业主逻辑 军工板块尚有上行空间 依旧首选航空装备,中财网
2018-05-22,"国防军工行业周报:练兵备战强化装备需求,股权激励提升公司活力",国海证券
2018-05-21,工业综合：基本面改善和军工体制改革推进依然是军工行业主逻辑 荐12股,安信证券
2018-05-21,中航光电：业绩低于预期不改全年增长信心 强烈推荐评级,东兴证券
2018-05-18,[增持评级]中航光电(002179)动态点评：下游景气驱动营收增长 系统集成强化盈利能力,中财网
2018-05-16,航空航天军工行业热点速评：军工央企股权激励有望取得进一步突破,中财网
2018-05-15,[推荐评级]国防军工行业周报：科研院所转制新型战斗力形成 国防军工亮点不断,中财网
2018-05-14,【安信军工-每周观点0429】一季报显示军工行业基本面改善，依旧首选航空装备,安信军工冯福章
2018-05-14,【安信军工-每周观点0513】基本面改善和军工体制改革推进依然是军工行业主逻辑，调整只是暂时，军工板块尚有上行空间，首选航空装备,安信军工冯福章
2018-05-14,【安信军工-每周观点0506】一季报显示军工行业基本面改善，军工板块存在改善空间，依旧首选航空装备,安信军工冯福章
2018-05-14,工业综合：机构军工股持仓迎拐点 荐14股,广发证券
2018-05-14,[增持评级]航空航天行业周报：武器装备加速列装 持续推荐飞行器产业链,中财网
2018-05-14,[增持评级]国防军工行业周报：首艘国产航母开始海试,中财网
2018-05-14,[强于大市评级]国防军工行业研究周报：改制首批进入完成阶段 看好三季度低配到超配,中财网
2018-05-10,【安信军工-年报点评】中航光电：集成化产品营收大幅增长，净利率和单季度营收创历史新高,安信军工冯福章
2018-05-10,[增持评级]航空航天行业周报：板块业绩改善 重点关注飞行器产业链,中财网
2018-05-09,【安信军工-行业报告】军工混改：实质性进展和阶段性行情,安信军工冯福章
2018-05-09,[增持评级]军工行业2017年报与2018一季报业绩综述：2017业绩增速放缓 2018Q1明显改善,中财网
2018-05-09,[增持评级]国防军工行业周报：财报显示产业链拐点临近 重点聚焦央企龙头,中财网
2018-05-09,[看好评级]军工行业核心标的2017年报&2018Q1分析：军改影响逐步消除 2018Q1同比好转,中财网
2018-05-08,[领先大市-A评级]国防军工行业深度分析：一季报显示军工行业基本面改善 依旧首选航空装备,中财网
2018-05-07,【安信军工冯福章】每周观点0506：一季报显示军工行业基本面改善，军工板块存在改善空间，依旧首选航空装备,安信军工冯福章
2018-05-07,[买入评级]2018年5月新能源汽车产业链观察：抢装高潮及新车密集发布期到来,中财网
2018-05-05,军工板块盈利稳步提升 需求释放增长加速,投资快报
2018-05-04,中航光电：与南华工业战略合作 推进舰船智能装备深度融合,e公司
2018-05-03,"国防军工行业周报:魂芯二号A发布,自主可控再获有力支撑",国海证券
2018-05-03,"国防军工2017年报及2018Q1分析:2017年增长稳健,现金流改善明显,航空装备民参军板块",联讯证券
2018-05-02,[增持评级]中航光电(002179)季报点评：业绩微降 看好未来三年快速增长,中财网
2018-05-02,[强烈推荐评级]中航光电(002179)一季报点评：管理费用增加致净利润下滑 大幅调整即是买入时机,中财网
2018-05-02,中航光电：4月27日融资余额为3.19亿元，较前一日骤降5.54%,Wind资讯
2018-05-02,安信冯福章：一季报显示军工基本面改善 首选航空装备,金融界
2018-05-02,"中航光电:公司一季度业绩表现符合预期,看好公司军民品领域连接器龙头的长期投资价值",申万宏源
2018-04-26,中航光电：2018年半年度业绩报告预告,深交所
2018-04-26,中航光电：一季度净利润同比减8.89%,Wind
2018-04-25,1Q18基金持仓分析(航空航天军工行业)：主动配置意愿提升 优选总装龙头与低估白马,中财网
2018-04-24,工业综合：2018Q1军工板块的基金重仓持股分析 荐9股,东兴证券
2018-04-24,[买入评级]中航光电(002179)深度报告：军民融合成功典范 集成互连解决专家,中财网
2018-04-19,"002179中航光电:17年业绩表现符合预期,坚定看好公司稳态业绩增长",申万宏源
2018-04-16,军工：重视军工、超配军工,巨丰财经
2018-04-16,军工行业周报：南海海上阅兵提升军工板块关注度,中财网
2018-04-14,催化剂或不断有来 三主线布局军工板块,中金在线
2018-04-13,军工行业日报：波音公司投资研制高超声速发动机,中财网
2018-04-11,[推荐评级]国防军工行业简评报告：行业拐点已现 战略配置军工,中财网
2018-04-11,[增持评级]国防军工行业周报：舰载机市场空间广阔 拐点临近聚焦央企龙头,中财网
2018-04-10,[增持评级]国防军工行业双周报：持续看好军工板块行情 首推中航沈飞,中财网
2018-04-09,[增持评级]国防军工行业周报：中美贸易冲突升级背景下 继续看好军工板块,中财网
2018-04-09,4月9日午间行业热点聚焦,中证网
2018-04-08,东兴证券：不要在便宜的时候错过飞机制造公司,新浪
2018-04-08,航空航天军工行业热点速评：中美贸易摩擦升级对航空航天船舶产业的影响,中财网
2018-04-04,[看好评级]国防军工行业事件点评：为什么我们必须重视飞机制造,中财网
2018-04-03,[增持评级]2018年4月军工行业月报：重估军工的三重逻辑,中财网
2018-04-03,[强于大市评级]电子制造行业研究周报：重视5G材料、声光电发展 抓住军工、半导体主线,中财网
2018-04-03,军民融合深化开启军工板块新机遇 四逻辑选15只潜力股,证券日报
2018-03-30,本周10家公司获机构扎堆调研，涨势强劲或提供未来炒作路径参考,Wind
2018-03-29,[路演]中航光电：年内洛阳新技术产业基地将建成投产,全景网
2018-03-27,券商:军民融合深度发展 看好行业机会(附股),证券之星
2018-03-27,[推荐评级]国防军工行业周报：贸易摩擦暴露航空短板 国防军工支撑大国崛起,中财网
2018-03-27,军工行业日报：C919第二架机迎来2018年第一次飞行,中财网
2018-03-27,【军工】中国军工逆周期资产属性将出现，贸易战中的确定板块,微信
2018-03-26,【东吴军工双周报】2018年战略看好军工板块，持续推荐板块龙头标的【东吴军工陈显帆】,透视先进制造
2018-03-26,中航光电：公司防务领域业务将在2018年进入较快发展阶段,Wind
2018-03-26,3月26日早间行业关注,中证网
2018-03-26,545家公司披露年报，68只成长股不惧调整藏“升”机,证券日报
2018-03-25,一周机构去哪儿？千合资本、嘉实等调研了这些个股(名单),证券时报网
2018-03-25,工业综合：持续推荐板块龙头标的 荐3股,和讯
2018-03-23,[看好评级]国防军工行业专题报告：新时代呼唤军工大发展,中财网
2018-03-21,[推荐评级]军工行业周报：碳纤维行业方兴未艾 行业应用渗透率提升,中财网
2018-03-21,[买入评级]中航光电(002179)年报点评：毛利率提升 业绩稳定增长 看好今年重回高成长通道,中财网
2018-03-21,"中航光电:17年业绩表现符合预期,坚定看好公司稳态业绩增长",申万宏源
2018-03-20,[强烈推荐评级]中航光电(002179)年报点评：系统集成见成效 净利润率创历史新高,中财网
2018-03-20,[中性评级]电子设备行业周报：慕尼黑电子展聚焦智能制造 电子设备厂商未来看点十足,中财网
2018-03-20,[买入评级]中航光电(002179)深度研究：从军工龙头走向国产连接器行业龙头,中财网
2018-03-20,机械行业卓越推：中航光电(002179),中财网
2018-03-20,[增持评级]海通军工行业周报(第10期)：重点关注一季报业绩增长较为确定或潜在超预期标,中财网
2018-03-20,64股获券商买入评级 东方日升目标涨幅达57.85%,Wind
2018-03-20,"中航光电:业绩平稳增长,净利率水平持续提升",信达证券
2018-03-19,【安信军工】每周观点0318：短期注意回调风险，18年板块将呈现基本面变化和阶段性行情,安信军工冯福章
2018-03-19,[买入-A评级]中航光电(002179)年报点评：集成化产品营收大幅增长 净利率和单季度营收创历史新高,中财网
2018-03-19,[审慎增持评级]中航光电(002179)年报点评：布局长远 蓄势待发,中财网
2018-03-19,[增持评级]中航光电(002179)年报点评：2017经营状况良好 业绩稳定增长,中财网
2018-03-19,[买入评级]中航光电(002179)年报点评：业绩符合预期 看好军民品持续拓展,中财网
2018-03-19,[推荐评级]中航光电(002179)点评：业绩稳健增长 持续受益军民下游增长,中财网
2018-03-19,[推荐评级]中航光电(002179)年报点评：积极拓展国内外军民品市场 加强科技创新布局长远发展,中财网
2018-03-19,早安！方正最新观点20180319,方正证券研究
2018-03-18,【华创机械】每日公告速递2018-03-18,华创机械
2018-03-18,工业综合：2013-2017年我国武器进出口额均排全球第五 荐9股,中泰证券
2018-03-18,中航光电：净利率和单季度营收创历史新高 买入评级,安信证券
2018-03-17,中航光电2017年净利润8.25亿元 同比增长12.48%,中金在线
2018-03-16,中航光电：2017年净利润同比增12.48%，拟10派1.2元,Wind
2018-03-15,巨丰热点：军民融合盘中活跃 航天晨光盘中冲击涨停,巨丰财经
2018-03-13,[推荐评级]军工行业周报：军民融合委工作重心下移 军民融合有望破冰,中财网
2018-03-12,[推荐评级]国防军工行业周报：军费增速超预期 行业基本面持续改善,中财网
2018-03-12,工业综合：行业基本面持续改善 荐16股,长城证券
2018-03-12,[增持评级]国泰君安军工行业2018年春季策略展望：看好飞行器产业链 拥抱龙头,中财网
2018-03-12,[推荐评级]国防军工行业周报：2018年国防支出增长8.1% 装备建设获得强力支撑,中财网
2018-03-12,[增持评级]航空航天行业周报：短期行情有望延续 看好飞行器产业链,中财网
2018-03-12,[增持评级]国防军工行业周报：国防预算增速超预期 支撑军工行业基本面改善,中财网
2018-03-12,国防支出超预期 战略看好军工 五股利剑出鞘,证券之星
2018-03-12,"国防军工行业周报:2018年国防支出增长8.1%,装备建设获得强力支撑",国海证券
2018-03-11,工业综合：支撑军工行业基本面改善 荐9股,中泰证券
2018-03-11,工业综合：基本面与市场面共促军工板块筑中期底部 荐10股,方正证券
2018-03-11,安信冯福章：国防预算增速超预期 关注军工板块两主线,金融界
2018-03-09,【东吴晨报0309】【宏观】2月进出口数据【行业】机械、军工【个股】先导智能,东吴研究所
2018-03-08,[增持评级]军工行业点评报告：国防支出增速超预期 战略看好军工板块,中财网
2018-03-07,[增持评级]国防军工行业点评：2018年国防开支预算增速超预期 军工版块抄底良机已到,中财网
2018-03-07,[看好评级]军工行业动态跟踪：军费增速达8.1%略超预期 “十三五”后半程装备建设有望加快,中财网
2018-03-06,【军工丨段小虎】中航光电(002179)：业绩预告符合预期，看好未来持续稳步增长,方正证券研究
2018-03-06,航空航天军工行业热点速评：2018年我国国防预算预计增长8.1% 释放拐点信号,中财网
2018-03-05,[增持评级]航空航天行业周报：关注两会主题 首选超跌军工白马,中财网
2018-03-01,【中航光电】中航光电业绩快报点评：2017年各项业务顺利开展，业绩稳定增长【东吴军工陈显帆】,微信
2018-03-01,午间研报精选：机构重点关注中航光电等5股,和讯
2018-03-01,[买入评级]中航光电(002179)点评：业绩基本符合预期 看好军民融合典范企业的优势富集效应,中财网
2018-03-01,[推荐评级]军工行业简评研究：短期催化剂渐多 军工行业迎布局良机,中财网
2018-03-01,[增持评级]中航光电(002179)事件点评：业绩稳步提升 下游需求有望进一步增长,中财网
2018-03-01,【东吴晨报0301】【宏观】2月PMI【个股】晶盛机电、先导智能、东方国信、中航光电、信维通信等,东吴研究所
2018-02-28,[审慎增持评级]中航光电(002179)点评：增长符合预期 军工行业反转、业绩成长加速,中财网
2018-02-28,[看好评级]军工行业动态跟踪：大飞机再签单 看好民航产业链,中财网
2018-02-28,[增持评级]中航光电(002179)公司研究：2017年各项业务顺利开展 业绩稳定增长,中财网
2018-02-28,中泰证券：多重利好促军工板块爆发,金融界
2018-02-28,[推荐评级]中航光电(002179)：业绩快报高于预告区间中枢 看好公司未来三年加速增长,中财网
2018-02-28,【晨会聚焦】军工板块关注度提高,中泰证券研究所
2018-02-27,智通港股公告精选︱2月27日,智通财经
2018-02-27,中航光电：2017年净利润同比增12.48%（快报）,Wind
2018-02-27,[领先大市-A评级]国防军工行业每周观点：关注军工反弹性机会 18年板块将呈现基本面变化和阶段性行情,中财网
2018-02-27,C919订单加码显大飞机发展势头10只机构看好股迎机遇,证券日报
2018-02-27,军工行业双周报:建议重点关注低估值白马股和成长确定的龙头股,申万宏源
2018-02-26,机械行业卓越推：中航光电(002179),中财网
2018-02-26,中上协“2017年度最受投资者尊重的上市公司评选”入围名单揭晓,中上协
2018-02-26,[推荐评级]国防军工行业周报：法规清理保障军民融合深化 前期调整及边际变化带来投资机会,中财网
2018-02-26,[增持评级]国防军工行业周报：板块进入战略配置机遇期,中财网
2018-02-26,"国防军工行业双周报:军民融合持续推进,看好低估值主流军工标的",东吴证券
2018-02-25,2018年第8周军工观点：继续逐步增加军工白马的配置,--
2018-02-23,[增持评级]军工行业周报：重型猎鹰首飞成功 重点关注低估值央企龙头,中财网
2018-02-22,[推荐评级]军工行业周报：基金军工持仓下行空间有限 持仓高集中度现象有望缓解,中财网
2018-02-21,军工行业：建议关注超跌白马及龙头股,申万宏源
2018-02-14,五大券商下周看好6板块37股,证券之星
2018-02-13,[看好评级]点评陆基反导、苏35战巡南海和歼20列装作战部队(军工行业)：我军打出组合拳 传递坚定信心,中财网
2018-02-13,[看好评级]军工行业周报：建议关注超跌白马及龙头股,中财网
2018-02-12,方正军工周观点：春潮巨震估值回，军工白马择机配,--
2018-02-12,[增持评级]国防军工行业周报：风险与机遇并存 建议关注低估值军工白马,中财网
2018-02-12,方正证券丨一周聚焦0212-0216,方正证券研究
2018-02-12,"国防军工行业周报:歼-20列装空军作战部队,推荐关注航空装备产业链投资机会",国海证券
2018-02-11,海通军工行业周报(第6期)：关注内生业绩增速与估值匹配的标的,中财网
2018-02-11,[增持评级]军工2.0系列8之分级基金专题研究(航空航天行业)：军工分级基金下折对板块影响研究,中财网
2018-02-09,军工行业日报：中国空军苏-35战机飞赴南海战斗巡航,中财网
2018-02-07,[强于大市评级]国防军工行业点评：分级基金下折再次告警 但历史下折执行后均为反弹不受赎回影响,中财网
2018-02-07,[看好评级]军工行业动态跟踪：航空工业18年工作会 17年军品明显好于往年 看好十三五后三年更大发展,中财网
2018-02-07,军工行业月报：板块估值持续下降 关注低估值优质标的,中财网
2018-02-06,[看好评级]军工行业专题报告：军工分级基金下折回溯分析,中财网
2018-02-06,[增持评级]军工行业周报：外延并表驱动业绩增长 重点关注低估值央企龙头,中财网
2018-02-06,[增持评级]国防军工行业双周报：分级基金面临下折风险 下折后板块短期风险将出清,中财网
2018-02-06,【军工丨段小虎】分级基金或承压下折，择机增配价值白马,方正证券研究
2018-02-06,【东吴晨报0206】【行业】通信、零售、军工【个股】山西汾酒,东吴研究所
2018-02-05,【招商军工-行业每日要闻0205】,招商军工研究
2018-02-05,工业综合：建议重视基本面标的在调整中的配置及加仓机会 荐6股,申万宏源
2018-02-05,[优于大势评级]国防军工行业周报：板块深度回调 关注阶段性反弹机会,中财网
2018-02-05,军工行业周报：电磁监测试验卫星“张衡一号”成功发射,中财网
2018-02-05,[推荐评级]国防军工行业周报：业绩预告超六成个股实现增长 推荐关注主战装备龙头,中财网
2018-02-04,多家公司披露年报数据，这些投资机会最靠谱,第一财经
2018-02-03,"国防军工行业每周观点:重申重点关注1-2月军工行情,18年板块预计将呈现基本面变化和阶段性行情",中证网
2018-02-02,中航光电:深度报告,正点财经
2018-02-02,[推荐评级]军工行业研究报告：融合新引擎 军工新时代,中财网
2018-02-01,[推荐评级]军工行业周报：综合电力推进系统有望引领舰船动力发展新方向,中财网
2018-02-01,[看好评级]军工行业周报：坚定看好军工中长期投资机会 短期择机布局军工白马优质标的,中财网
2018-02-01,【军工*陈显帆团队】2017基金四季报总结报告：军工股基金持仓处于历史低位，建议关注低估值的主流白马标的,东吴研究所
2018-01-31,[增持评级]军工行业周报：积极参与军工反弹行情 加仓配置军工核心白马蓝筹,中财网
2018-01-29,方正证券丨一周聚焦0129-0202,方正证券研究
2018-01-29,"国防军工行业周报:中国船舶中船防务降杠杆,汽轮发电机组重大突破全电推进应用有望加速",国海证券
2018-01-28,工业综合：底部加大配置基本面向好的军工白马 荐5股,方正证券
2018-01-26,银河证券晨会纪要-180126,银河证券
2018-01-25,中航光电股票行情：开拓高端领域，走向系统集成,南方财富网
2018-01-25,【兴证军工】2017年Q4公募基金军工持仓分析,国防军工参考
2018-01-23,【招商军工-行业每日要闻0123】,招商军工研究
2018-01-22,工业综合：国家队龙头配置价值凸显 荐14股,中信建投
2018-01-19,安信冯福章:重申重点关注1-2月军工行情 两条主线掘金,金融界
2018-01-19,军民融合板块喜获政策“红包” 八股迎腾飞契机,证券时报
2018-01-18,中航光电：已与特斯拉开展项目合作,e公司
2018-01-17,【太平洋证券 今日早读】机械-郑煤机投资要点|明泰铝业、艾迪精密公司点评|国防军工、社会服务行业追踪（20180117）,太平洋证券研究
2018-01-15,工业综合：推荐低估值白马和成长确定的龙头股 荐6股,申万宏源
2018-01-15,沪指喜现“十一连阳”机构布局忙，215家被调研公司显现三大特征,Wind
2018-01-14,工业综合：我国2017造船三大指标位居世界第一 荐15股,国海证券
2018-01-14,工业综合：持续下跌带来反弹机遇 荐8股,川财证券
2018-01-12,【晨会纪要】策略丁文 银河证券晨会纪要—20180112,中国银河证券研究
2018-01-12,【行业周报】军工李良 军事训练提上新高度，强军事业跨进新时代,中国银河证券研究
2018-01-11,电子行业2018年度投资策略：关注汽车电子和半导体板块,中财网
2018-01-11,春季行情如期而至，机构播种“大小”通吃,Wind
2018-01-10,【国防军工|刘倩倩团队太平洋证券】军工行业周报:行业基本面拐点将至，建议加大板块配置,太平洋证券研究
2018-01-09,新年首周调研热度不减 科技股重回机构法眼,投资快报
2018-01-08,上海证券：机构上市公司调研统计,上海证券
2018-01-08,广发证券国防军工行业周报,中财网
2018-01-08,2018年第1周军工行业观点：把握基本面且待云起时,中财网
2018-01-08,《智能汽车创新发展战略》发布事件点评:智能汽车发展进入新时代,中国网
2018-01-08,中航光电(002179)公司动态报告：聚焦高端连接器多元化拓展助力中长期发展,中财网
2018-01-08,军工行业周报:看好低估值白马股和成长确定的龙头股,中国网
2018-01-08,国防军工行业周报：直18A重型直升机服役、军工集团公司制改制全部完成,中财网
2018-01-08,刘士余透露新动向 机构马不停蹄扎堆调研这些股！,证券日报
2018-01-08,机构摸底春季行情，57公司新年首周获调研,Wind
2018-01-08,早评：短期整固不碍行情发展 基金认为18年沪指会上涨,中金在线
2018-01-07,机构调研热情下滑，仍有公司被私募大佬看中,21世纪经济报道
2018-01-07,57家公司新年首周获调研 中航光电美亚柏科最受关注,证券时报
2018-01-07,工业综合：国防军工周报,广发证券
2018-01-07,周末要闻2018年1月7日星期日,--
2018-01-07,陆家嘴财经早餐2018年1月7日星期日,--
2018-01-06,新年以来机构调研34家公司，9股被10家以上机构走访,Wind
2018-01-05,中航光电：防务领域业务进入快速发展阶段 毛利率上升的原因曝光,财富动力网
2018-01-05,中航光电(002179)公司简评：涉诉案件尚无定论业务发展长期稳固,中财网
2018-01-05,五大券商下周看好6板块46股,证券之星
2018-01-04,航天电器(002025)V.S.中航光电(002179),中财网
2018-01-04,[推荐评级]军工行业周报：估值风险释放 建议底部积极布局,中财网
2018-01-04,中航光电：1月3日融资余额为4.02亿元，较前一日骤增10.60%,Wind资讯
2018-01-04,今年宇航发射次数将创新高航天事业稳步发展(受益股),金融界
2018-01-03,军工行业周报：看好订单增加带来的成长确定性坚定推荐军工白马龙头股,中财网
2018-01-03,军工板块业绩确定性受关注六股腾飞在即,中证报
2018-01-02,军工行业2018年度投资策略：板块活跃优选标的把握反转,中财网
2018-01-02,以史为鉴，从历史经验看“一季度砍单”，对苹果产业链影响几何？,国金证券研究所
2018-01-01,【安信军工冯福章团队】每周观点1231：跨年开新局，关注1-2月军工行情，18年板块预计将呈现基本面变化和阶段性行情,安信军工冯福章
