publishedAt,title,description
2018-01-02,第六届证券期货科学技术奖初审结果公示公告,第六届证券期货科学技术奖初审结果公示公告
2018-01-03,A股共发生92宗大宗交易成交8.53亿元（1月3日）,A股共发生92宗大宗交易成交8.53亿元（1月3日）
2018-01-03,长江证券今日大宗交易成交71.02万股，成交价7.32元折价8.61%,长江证券今日大宗交易成交71.02万股，成交价7.32元折价8.61%
2018-01-03,“定增大王”刘益谦的2017：投资长江证券、国民技术损失惨重,“定增大王”刘益谦的2017：投资长江证券、国民技术损失惨重
2018-01-08,券商资管规模急剧萎缩业绩跑输公募 长江证券一枝独秀成黑马,券商资管规模急剧萎缩业绩跑输公募 长江证券一枝独秀成黑马
2018-01-09,长江证券2017年实现净利15.72亿下降28.75%,长江证券2017年实现净利15.72亿下降28.75%
2018-01-09,长江证券：2017年净利同比下降28.75%,长江证券：2017年净利同比下降28.75%
2018-01-09,2017券商业绩出炉 中信龙头地位不保华泰正不断逼近,2017券商业绩出炉 中信龙头地位不保华泰正不断逼近
2018-01-10,长江证券股份有限公司2017年度业绩快报,长江证券股份有限公司2017年度业绩快报
2018-01-17,半个月新进9家督导业务，长江证券究竟要做什么？,半个月新进9家督导业务，长江证券究竟要做什么？
2018-01-17,2017年券商人工智能大事记,2017年券商人工智能大事记
2018-01-17,长江证券坚定看好新三板 半个月新进9家督导业务,长江证券坚定看好新三板 半个月新进9家督导业务
2018-01-23,长江证券交易结算违规 致270名客户资金余额虚增7100万,长江证券交易结算违规 致270名客户资金余额虚增7100万
2018-01-23,长江证券270名客户账户虚增7000万 技术系统存漏洞,长江证券270名客户账户虚增7000万 技术系统存漏洞
2018-01-23,长江证券新三板业务不尽职 湖北证监局责令整改,长江证券新三板业务不尽职 湖北证监局责令整改
2018-01-25,国都证券第一大股东或易主，11家“上市”券商无实际控制人,国都证券第一大股东或易主，11家“上市”券商无实际控制人
2018-01-29,百家公司发布2017年业绩快报，近八成净利增长,百家公司发布2017年业绩快报，近八成净利增长
2018-01-29,“马太效应”强化，上市券商业绩持续分化,“马太效应”强化，上市券商业绩持续分化
2018-01-30,券商行业“马太效应”加剧 龙头券商继续领跑,券商行业“马太效应”加剧 龙头券商继续领跑
2018-01-31,券商龙头股票有哪些：券商行业业绩分化 龙头上演王者归来,券商龙头股票有哪些：券商行业业绩分化 龙头上演王者归来
2018-02-01,科融环境实控人股票跌破平仓线 2天前仍称不存在风险,科融环境实控人股票跌破平仓线 2天前仍称不存在风险
2018-02-07,第六届证券期货科学技术奖拟授奖项目公示公告,第六届证券期货科学技术奖拟授奖项目公示公告
2018-02-26,中信建投证券换帅：齐亮将卸任总裁 李格平接棒,中信建投证券换帅：齐亮将卸任总裁 李格平接棒
2018-02-27,第三家设立雄安分公司的券商来了！ 有何亮点？,第三家设立雄安分公司的券商来了！ 有何亮点？
2018-03-07,可转债市场回暖明显 长江证券可转债下周申购,可转债市场回暖明显 长江证券可转债下周申购
2018-03-09,海欣股份：拟不超1亿元参与长江证券可转债配售,海欣股份：拟不超1亿元参与长江证券可转债配售
2018-03-09,公告精选：七天六个涨停，海得控制将停牌核查；苏宁易购斥资1.43亿回购1100万股公司股份,公告精选：七天六个涨停，海得控制将停牌核查；苏宁易购斥资1.43亿回购1100万股公司股份
2018-03-09,[路演]长江证券：公司资管业务规模稳定增长,[路演]长江证券：公司资管业务规模稳定增长
2018-03-09,[路演]长江证券：公司企业债主承销家数行业排名第一,[路演]长江证券：公司企业债主承销家数行业排名第一
2018-03-09,3月9日晚间上市公司十大重磅公告,3月9日晚间上市公司十大重磅公告
2018-03-09,2017年券商高管变更报告,2017年券商高管变更报告
2018-03-11,长江证券：可转债明日申购,长江证券：可转债明日申购
2018-03-11,周末上市公司晚间重要公告,周末上市公司晚间重要公告
2018-03-12,【提示】长证转债今日申购,【提示】长证转债今日申购
2018-03-13,长江证券：可转债中签结果出炉 共104.63万个,长江证券：可转债中签结果出炉 共104.63万个
2018-03-13,兑奖了！长江证券可转债中签号出炉,兑奖了！长江证券可转债中签号出炉
2018-03-16,可转债市场回暖明显 长江证券可转债下周申购,可转债市场回暖明显 长江证券可转债下周申购
2018-03-17,可转债加速扩容 哪些值得买？挑选标的来看三要素,可转债加速扩容 哪些值得买？挑选标的来看三要素
2018-04-01,券商大洗牌！血战9万亿最优质资源，长江佣金第二，天风 “涨疯”，多家老牌掉队（全名单）,券商大洗牌！血战9万亿最优质资源，长江佣金第二，天风 “涨疯”，多家老牌掉队（全名单）
2018-04-02,缘通电子因银行账户被冻结等遭主办券商风险提示,缘通电子因银行账户被冻结等遭主办券商风险提示
2018-04-04,2017年百大券商公募分仓佣金收入排名：十强大洗牌，中信重夺榜首！,2017年百大券商公募分仓佣金收入排名：十强大洗牌，中信重夺榜首！
2018-04-16,长江证券：独立董事袁小彬辞职,长江证券：独立董事袁小彬辞职
2018-04-17,长江证券今日大宗交易成交65.88万股，成交价6.9元折价1.71%,长江证券今日大宗交易成交65.88万股，成交价6.9元折价1.71%
2018-04-17,A股共发生46宗大宗交易成交36.82亿元(4月17日),A股共发生46宗大宗交易成交36.82亿元(4月17日)
2018-04-19,长江证券第一大股东误操作致短线交易 收到深交所监管函,长江证券第一大股东误操作致短线交易 收到深交所监管函
2018-04-19,刘益谦卖出5万股的股票：收益仅62元钱 惊动了交易所,刘益谦卖出5万股的股票：收益仅62元钱 惊动了交易所
2018-04-19,4月19日有21家公司获重要股东增减持 坚瑞沃能已被连续减持32次,4月19日有21家公司获重要股东增减持 坚瑞沃能已被连续减持32次
2018-04-20,2018年4月20日新闻发布会,2018年4月20日新闻发布会
2018-04-26,长江证券：2017年净利润同比减29.98%,长江证券：2017年净利润同比减29.98%
2018-04-27,长江证券一季度盈利3.2亿下滑25.46%,长江证券一季度盈利3.2亿下滑25.46%
2018-04-27,长江证券：一季度净利润同比减25.46%,长江证券：一季度净利润同比减25.46%
2018-04-28,长江证券股份有限公司关于召开2017年年度股东大会的通知,长江证券股份有限公司关于召开2017年年度股东大会的通知
2018-05-01,一季度证金公司增持16家券商股，申万宏源增持股数最多,一季度证金公司增持16家券商股，申万宏源增持股数最多
2018-05-07,长江证券：母公司1-4月份净利为3.57亿元,长江证券：母公司1-4月份净利为3.57亿元
2018-05-09,上市券商4月份业绩分化：净利润环比增长最高至7倍,上市券商4月份业绩分化：净利润环比增长最高至7倍
2018-05-23,关于第六届证券期货科学技术奖励的决定,关于第六届证券期货科学技术奖励的决定
2018-05-29,长江证券：第一大股东收湖北证监局警示函,长江证券：第一大股东收湖北证监局警示函
2018-05-29,短线交易 长江证券大股东新理益集团收警示函,短线交易 长江证券大股东新理益集团收警示函
2018-05-30,长江证券 大股东短线交易遭警示,长江证券 大股东短线交易遭警示
2018-06-01,新理益集团收到证监局警示函 因短线交易长江证券,新理益集团收到证监局警示函 因短线交易长江证券
2018-06-22,又一家券商系公募基金获批，还有华林证券正在申请公募牌照,又一家券商系公募基金获批，还有华林证券正在申请公募牌照
2018-07-13,长江证券：上半年实现净利润3.78亿元，同比下降62.02%,长江证券：上半年实现净利润3.78亿元，同比下降62.02%
2018-07-17,五家券商率先发布中期业绩快报 4家业绩大幅下滑,五家券商率先发布中期业绩快报 4家业绩大幅下滑
2018-07-19,自营业务竟成中小券商业绩爆点！7家券商半年成绩单新鲜出炉,自营业务竟成中小券商业绩爆点！7家券商半年成绩单新鲜出炉
2018-07-19,80后总裁刘元瑞履职半年后 长江证券烙上重专业、重投研的印记,80后总裁刘元瑞履职半年后 长江证券烙上重专业、重投研的印记
2018-07-23,30家上市券商业绩持续分化 上半年仅中信、申万净利润正增长,30家上市券商业绩持续分化 上半年仅中信、申万净利润正增长
2018-07-25,金融时报：积极财政政策要更加积极，货币要松紧适度,金融时报：积极财政政策要更加积极，货币要松紧适度
2018-07-25,7月25日有50家公司获重要股东增减持 泛海控股已被连续增持76次,7月25日有50家公司获重要股东增减持 泛海控股已被连续增持76次
2018-07-27,中国证监会公布2018年证券公司分类结果,中国证监会公布2018年证券公司分类结果
2018-07-28,券商盈利“全军覆没”投行子公司大滑坡,券商盈利“全军覆没”投行子公司大滑坡
2018-08-10,长江证券：上半年净利润同比减62.02%,长江证券：上半年净利润同比减62.02%
2018-08-10,长江证券：上半年净利3.78亿 同比降六成,长江证券：上半年净利3.78亿 同比降六成
2018-08-10,A股共发生44宗大宗交易成交8.49亿元（8月10日）,A股共发生44宗大宗交易成交8.49亿元（8月10日）
2018-08-10,长江证券今日大宗交易成交1750万股，成交价5.2元折价-1.36%,长江证券今日大宗交易成交1750万股，成交价5.2元折价-1.36%
2018-08-10,长江证券晚间公布半年报：报告期内，公司实现营业收入23.46亿元,长江证券晚间公布半年报：报告期内，公司实现营业收入23.46亿元
2018-08-13,首批救市券商半年报，救市资金仍在运作收益率超6%！,首批救市券商半年报，救市资金仍在运作收益率超6%！
2018-08-15,海欣股份时隔两年二次举牌 省级金控玩家重出江湖？,海欣股份时隔两年二次举牌 省级金控玩家重出江湖？
2018-08-16,中邮基金子公司逆势上涨东证资管6亿净利领跑,中邮基金子公司逆势上涨东证资管6亿净利领跑
2018-08-17,三家上市券商中报出炉 资管业务潜力渐显,三家上市券商中报出炉 资管业务潜力渐显
2018-08-24,长江证券：获宏泰集团及中小金服举牌，持股达5%,长江证券：获宏泰集团及中小金服举牌，持股达5%
2018-08-24,长江证券：宏泰集团及其一致行动人持股升至5%,长江证券：宏泰集团及其一致行动人持股升至5%
2018-08-25,长江证券被举牌,长江证券被举牌
2018-08-26,金融：券商上半年业绩整体惨淡 荐1股,金融：券商上半年业绩整体惨淡 荐1股
2018-08-27,盘前必读公告：这些股不容错过！,盘前必读公告：这些股不容错过！
2018-08-27,券商盈利进入低谷期 “二八效应”日趋明显,券商盈利进入低谷期 “二八效应”日趋明显
2018-08-29,宏泰集团高调举牌长江证券 法人股大王刘益谦、三峡集团仍为两大掌控者,宏泰集团高调举牌长江证券 法人股大王刘益谦、三峡集团仍为两大掌控者
2018-08-30,自营业绩严重分化，弱市考验券商“操盘”能力,自营业绩严重分化，弱市考验券商“操盘”能力
2018-09-01,“湖北国资”举牌长江证券 宏泰集团跻身前十大股东,“湖北国资”举牌长江证券 宏泰集团跻身前十大股东
2018-09-04,上市券商薪酬榜:长江证券增长最多 招商员工流失居首,上市券商薪酬榜:长江证券增长最多 招商员工流失居首
2018-09-10,长江证券遭证监处罚 东方金钰国泰君安两项目曝漏洞 其他违规处罚,长江证券遭证监处罚 东方金钰国泰君安两项目曝漏洞 其他违规处罚
2018-09-17,长江证券(000783.SZ)：宏泰集团减持494万股其及中小金服合计持股降至4.9106% 减持股份,长江证券(000783.SZ)：宏泰集团减持494万股其及中小金服合计持股降至4.9106% 减持股份
2018-09-17,券商股再掀股东的增持潮 多只券商股可重点关注,券商股再掀股东的增持潮 多只券商股可重点关注
2018-09-22,资本大佬刘益谦连续踩雷：入股长江证券浮亏50亿 投资失误,资本大佬刘益谦连续踩雷：入股长江证券浮亏50亿 投资失误
2018-10-11,A股市场破净股一览（10月11日）,A股市场破净股一览（10月11日）
2018-10-14,[快讯]长江证券公布第三季度快报 净利润同比增减-61.56%,[快讯]长江证券公布第三季度快报 净利润同比增减-61.56%
2018-10-16,预减、亏损成三季报“关键词” 中小券商变相裁员初见端倪 亏损,预减、亏损成三季报“关键词” 中小券商变相裁员初见端倪 亏损
2018-10-17,长江证券前三季度业绩预告 盈利预计减少61.56% 盈利能力下降,长江证券前三季度业绩预告 盈利预计减少61.56% 盈利能力下降
2018-10-18,长江证券财务负责人辞职,长江证券财务负责人辞职
2018-10-18,金融时报：货币政策仍需稳字当头,金融时报：货币政策仍需稳字当头
2018-10-22,8家上市券商发布三季度快报 东北证券一枝独秀营收逆势飘红,8家上市券商发布三季度快报 东北证券一枝独秀营收逆势飘红
2018-10-23,回天新材高管频繁披露减持计划 股价连续下跌 减持股份,回天新材高管频繁披露减持计划 股价连续下跌 减持股份
2018-10-29,券商股再度上攻，锦龙股份领涨逾4%,券商股再度上攻，锦龙股份领涨逾4%
2018-10-29,长江证券：前三季度净利同比降逾6成,长江证券：前三季度净利同比降逾6成
2018-10-30,长江证券股份有限公司2018第三季度报告,长江证券股份有限公司2018第三季度报告
2018-11-08,33家上市券商10月业绩出炉 逾八成净利环比下滑,33家上市券商10月业绩出炉 逾八成净利环比下滑
2018-11-21,一个月内9家上市券商遭股东减持，券商股被套现超10亿元,一个月内9家上市券商遭股东减持，券商股被套现超10亿元
2018-11-23,长江证券：董事长尤习贵辞职 董监高成员变化,长江证券：董事长尤习贵辞职 董监高成员变化
2018-11-23,长江证券：尤习贵因年龄原因辞任董事长,长江证券：尤习贵因年龄原因辞任董事长
2018-11-27,刘益谦凌晨宣布 所持外资财险公司股权全部出手,刘益谦凌晨宣布 所持外资财险公司股权全部出手
2018-11-30,寒冬来袭，券商涌现离职潮,寒冬来袭，券商涌现离职潮
2018-11-30,刘益谦金控版图生变 抛售天平到底赚了多少钱？,刘益谦金控版图生变 抛售天平到底赚了多少钱？
2018-12-03,3年来，这家券商对设立公募基金公司痴心不改，目前正在更新申请材料！,3年来，这家券商对设立公募基金公司痴心不改，目前正在更新申请材料！
2018-12-04,公募基金牌照申请券商增至2家,公募基金牌照申请券商增至2家
2018-12-05,李德林：资本大鳄刘益谦,李德林：资本大鳄刘益谦
2018-12-06,33家券商披露11月财务数据：中信证券净利近17亿元高居榜首,33家券商披露11月财务数据：中信证券净利近17亿元高居榜首
2018-12-07,券商股午后异动，南京证券涨4%,券商股午后异动，南京证券涨4%
2018-12-14,汇森家居12约14日开簿，近三年净利润复合增长超30%,汇森家居12约14日开簿，近三年净利润复合增长超30%
2018-12-14,汇森家居12月14日开簿，近三年净利润复合增长超30%,汇森家居12月14日开簿，近三年净利润复合增长超30%
2018-12-14,乐信Q1高速增长：关于“后浪”就业和消费的两个预期差,乐信Q1高速增长：关于“后浪”就业和消费的两个预期差
2018-12-14,券商科创板承销收入大揭秘：平均每家公司承销费7500万，74%要用来跟投,券商科创板承销收入大揭秘：平均每家公司承销费7500万，74%要用来跟投
2018-12-14,涪陵榨菜暴跌8%：拟募资33亿，产能大跃进 连续下跌,涪陵榨菜暴跌8%：拟募资33亿，产能大跃进 连续下跌
2018-12-14,大店做小，小店做大，苏宁有限业态翘起无限场景,大店做小，小店做大，苏宁有限业态翘起无限场景
2018-12-17,又见券商首席跳槽！华融证券原首席经济学家伍戈赴任长江证券，佣金分仓排名第一的长江又要大动作？,又见券商首席跳槽！华融证券原首席经济学家伍戈赴任长江证券，佣金分仓排名第一的长江又要大动作？
2018-12-20,回天新材：第一笔纾困资金2.2亿元已经到账,回天新材：第一笔纾困资金2.2亿元已经到账
2018-12-28,IPO寒冬！2018过会率60%创9年新低,IPO寒冬！2018过会率60%创9年新低
2019-01-02,号称“敢死队”的神秘游资2018年是赚是赔？,号称“敢死队”的神秘游资2018年是赚是赔？
2019-01-03,券商板块盘初活跃，方正证券涨近5%,券商板块盘初活跃，方正证券涨近5%
2019-01-03,券商股接力军工板块大涨，方正证券涨停,券商股接力军工板块大涨，方正证券涨停
2019-01-04,券商2018踩雷质押大数据： 兴业撞枪退市股 西部、长江中招乐视,券商2018踩雷质押大数据： 兴业撞枪退市股 西部、长江中招乐视
2019-01-04,券商2018踩雷质押大数据,券商2018踩雷质押大数据
2019-01-04,长江证券：转型无牛市 复盘日韩当年表现,长江证券：转型无牛市 复盘日韩当年表现
2019-01-09,长江证券：母公司2018年净利2.45亿元,长江证券：母公司2018年净利2.45亿元
2019-01-10,26家A股券商12月业绩出炉 多家计提减值全年利润暴跌 资产异常,26家A股券商12月业绩出炉 多家计提减值全年利润暴跌 资产异常
2019-01-11,上市券商12月成绩单：12家亏损 长江证券营收净利双双告负 亏损,上市券商12月成绩单：12家亏损 长江证券营收净利双双告负 亏损
2019-01-11,2018券商年度成绩单： 中信净利82亿夺冠 6家亏损,2018券商年度成绩单： 中信净利82亿夺冠 6家亏损
2019-01-17,控股股东质押风险解除 回天新材引入国资股东添悬念,控股股东质押风险解除 回天新材引入国资股东添悬念
2019-01-22,长江证券：2018年净利润同比减83.23%（快报） 盈利能力下降,长江证券：2018年净利润同比减83.23%（快报） 盈利能力下降
2019-01-22,长江证券：2018年净利2.59亿元 同比下降83.23%,长江证券：2018年净利2.59亿元 同比下降83.23%
2019-01-22,长江证券2018年业绩大幅下滑 净利润同比降逾80% 盈利能力下降,长江证券2018年业绩大幅下滑 净利润同比降逾80% 盈利能力下降
2019-01-23,长江证券去年净赚2.59亿,长江证券去年净赚2.59亿
2019-01-23,长江证券2018年净利润下降超八成 计提资产减值近3亿 盈利能力下降,长江证券2018年净利润下降超八成 计提资产减值近3亿 盈利能力下降
2019-01-25,回天新材对“重大事项”拈来拈去 涉嫌忽悠式信息披露,回天新材对“重大事项”拈来拈去 涉嫌忽悠式信息披露
2019-01-25,券业业绩最大“杀手”竟是它！至少5家券商发布资产减值公告 计提已超26亿,券业业绩最大“杀手”竟是它！至少5家券商发布资产减值公告 计提已超26亿
2019-01-26,10家券商被20多只股票坑了36亿,10家券商被20多只股票坑了36亿
2019-01-28,131家券商去年净利降幅超四成 25家券商亏损 亏损,131家券商去年净利降幅超四成 25家券商亏损 亏损
2019-01-31,计提资产减值准备拖累中小券商业绩 头部券商将率先受益科创板,计提资产减值准备拖累中小券商业绩 头部券商将率先受益科创板
2019-02-01,"非银金融行业周观点:证监会“易”帅,开门红依旧承压","非银金融行业周观点:证监会“易”帅,开门红依旧承压"
2019-02-03,不仅资产减值计提成业绩大杀手 券商又踩雷股权质押 投资失误,不仅资产减值计提成业绩大杀手 券商又踩雷股权质押 投资失误
2019-02-13,长江证券：母公司1月净利为1.34亿元,长江证券：母公司1月净利为1.34亿元
2019-02-15,券商股小幅回暖，财通证券领涨4%,券商股小幅回暖，财通证券领涨4%
2019-02-20,冲高遇阻或是“牛歇脚” 各路资金布局金融股势头正酣,冲高遇阻或是“牛歇脚” 各路资金布局金融股势头正酣
2019-02-21,1月券商评测结果出炉！东吴证券、长江证券、东莞证券分列前三,1月券商评测结果出炉！东吴证券、长江证券、东莞证券分列前三
2019-03-04,广发非银：寻找证券板块价值重估逻辑,广发非银：寻找证券板块价值重估逻辑
2019-03-06,长江证券：母公司2月份净利2.8亿元,长江证券：母公司2月份净利2.8亿元
2019-03-06,长江证券(000783.SZ)2月母公司净利润暴增25.84倍至2.81亿元,长江证券(000783.SZ)2月母公司净利润暴增25.84倍至2.81亿元
2019-03-07,8只券商股涨停 长江证券2月净利润同比增2717.15%,8只券商股涨停 长江证券2月净利润同比增2717.15%
2019-03-07,不负大行情！业绩全面提升，2月份券商净利润同比增长超400%,不负大行情！业绩全面提升，2月份券商净利润同比增长超400%
2019-03-13,长江证券：第一大股东新理益质押6500万股 占股本1.18%,长江证券：第一大股东新理益质押6500万股 占股本1.18%
2019-03-14,长江证券：一季报 寻觅ALPHA第二弹,长江证券：一季报 寻觅ALPHA第二弹
2019-03-22,长江证券：2019年一季报及年报业绩前瞻,长江证券：2019年一季报及年报业绩前瞻
2019-03-22,官宣！6家券商保荐科创板项目获首批受理,官宣！6家券商保荐科创板项目获首批受理
2019-03-22,关于为长江证券股份有限公司2019年证券公司次级债券（第一期）提供转让服务有关事项的通知,关于为长江证券股份有限公司2019年证券公司次级债券（第一期）提供转让服务有关事项的通知
2019-03-27,氢燃料电池应用直接催化，这个有色小品种19-20年需求翻4倍，眼下产能却收缩严重，A股稀缺标的龙头并龙头或拿下全球最大矿区【3.28必看研报】,氢燃料电池应用直接催化，这个有色小品种19-20年需求翻4倍，眼下产能却收缩严重，A股稀缺标的龙头并龙头或拿下全球最大矿区【3.28必看研报】
2019-03-30,重磅出炉！2018公募基金股票分仓排名来了：中信证券4亿收入却丢冠，新科冠军竟然是TA！（完全名单）,重磅出炉！2018公募基金股票分仓排名来了：中信证券4亿收入却丢冠，新科冠军竟然是TA！（完全名单）
2019-03-30,2018公募基金股票分仓出炉 长江证券超越中信证券问鼎冠军,2018公募基金股票分仓出炉 长江证券超越中信证券问鼎冠军
2019-04-01,去年基金股票分仓70亿元 长江证券力压中信证券夺冠,去年基金股票分仓70亿元 长江证券力压中信证券夺冠
2019-04-01,长江证券分仓收入夺冠 卖方研究欲转型,长江证券分仓收入夺冠 卖方研究欲转型
2019-04-02,券商“A+H”阵营添新兵 两地因何股价悬殊,券商“A+H”阵营添新兵 两地因何股价悬殊
2019-04-03,股价逼近转股价 两家上市券商可转债转股有望“解冻”,股价逼近转股价 两家上市券商可转债转股有望“解冻”
2019-04-03,长江证券：董事辞职 董监高成员变化,长江证券：董事辞职 董监高成员变化
2019-04-11,长江证券：2019年累计新增借款超上年末净资产的20% 大额借贷担保,长江证券：2019年累计新增借款超上年末净资产的20% 大额借贷担保
2019-04-14,长江证券：一季度净利7.68亿元 同比增138%,长江证券：一季度净利7.68亿元 同比增138%
2019-04-14,长江证券(000783.SZ)一季度净利润升138.27%至7.68亿元,长江证券(000783.SZ)一季度净利润升138.27%至7.68亿元
2019-04-14,长江证券：一季度净利为7.68亿元，同比增长138%,长江证券：一季度净利为7.68亿元，同比增长138%
2019-04-14,重要公告：顾家家居拟收购喜临门股权事项终止,重要公告：顾家家居拟收购喜临门股权事项终止
2019-04-15,A股一季报业绩扫描：662股预亏预减，18家降幅超10倍 预亏,A股一季报业绩扫描：662股预亏预减，18家降幅超10倍 预亏
2019-04-15,财经早报:央行力挺A股 3月信贷社融全面超预期,财经早报:央行力挺A股 3月信贷社融全面超预期
2019-04-16,福建证监局关于2019年辖区证券分支机构现场检查随机抽查结果的通报,福建证监局关于2019年辖区证券分支机构现场检查随机抽查结果的通报
2019-04-19,长江证券：2018年净利润2.57亿 同比下滑83.35% 盈利能力下降,长江证券：2018年净利润2.57亿 同比下滑83.35% 盈利能力下降
2019-04-19,长江证券：2018年净利2.57亿元 同比降83%,长江证券：2018年净利2.57亿元 同比降83%
2019-04-20,长江证券(000783.SZ)2018年度净利润下降83.35%至2.57亿元 拟10派0.2元 盈利能力下降,长江证券(000783.SZ)2018年度净利润下降83.35%至2.57亿元 拟10派0.2元 盈利能力下降
2019-04-22,长江证券去年净利2.57亿同比下滑83% 董事长李新华年薪57万 盈利能力下降,长江证券去年净利2.57亿同比下滑83% 董事长李新华年薪57万 盈利能力下降
2019-04-22,“回归本源”服务实体经济 长江证券“榫卯式”打造全方位“助推力”,“回归本源”服务实体经济 长江证券“榫卯式”打造全方位“助推力”
2019-04-23,首批上市券商一季报出炉 经纪与自营业务最“惊喜”,首批上市券商一季报出炉 经纪与自营业务最“惊喜”
2019-04-23,A股共发生42宗大宗交易成交8.46亿元（4月23日）,A股共发生42宗大宗交易成交8.46亿元（4月23日）
2019-04-26,长江证券股东新理益集团增持3000万股 耗资约2.33亿元,长江证券股东新理益集团增持3000万股 耗资约2.33亿元
2019-04-26,长江证券(000783.SZ)一季度净利升137.50%至7.65亿元,长江证券(000783.SZ)一季度净利升137.50%至7.65亿元
2019-04-26,长江证券一季度净利大增137%,长江证券一季度净利大增137%
2019-04-26,长江证券：一季度净利润同比增137.50%,长江证券：一季度净利润同比增137.50%
2019-04-27,长江证券股份有限公司2019第一季度报告,长江证券股份有限公司2019第一季度报告
2019-04-28,【申万宏源金融】长江证券一季报点评：投行市占率显著提升，经纪业务后劲十足,【申万宏源金融】长江证券一季报点评：投行市占率显著提升，经纪业务后劲十足
2019-04-28,最新公告揭露重大利好 五只股周一或冲涨停,最新公告揭露重大利好 五只股周一或冲涨停
2019-04-29,【中信建投非银】长江证券2019年一季报点评：一季度净利润同比+138%，自营与经纪业务业绩弹性绽放,【中信建投非银】长江证券2019年一季报点评：一季度净利润同比+138%，自营与经纪业务业绩弹性绽放
2019-04-30,券商首次关注11股并给予买入评级（4月30日）,券商首次关注11股并给予买入评级（4月30日）
2019-05-02,长江证券原行业首席拟出任五矿证券研究所所长,长江证券原行业首席拟出任五矿证券研究所所长
2019-05-05,长江证券一季度净利7.65亿 同比增长138% 现金流量净额为72.3亿元,长江证券一季度净利7.65亿 同比增长138% 现金流量净额为72.3亿元
2019-05-08,大跳水！26家上市券商4月业绩来了：下降50%都算少的！,大跳水！26家上市券商4月业绩来了：下降50%都算少的！
2019-05-08,4月券商业绩腰斩，长江证券净利7亿反超中信成大黑马,4月券商业绩腰斩，长江证券净利7亿反超中信成大黑马
2019-05-08,好日子说没就没了！4月券商业绩腰斩，长江证券净利7亿反超中信成大黑马 盈利能力下降,好日子说没就没了！4月券商业绩腰斩，长江证券净利7亿反超中信成大黑马 盈利能力下降
2019-05-08,"上市券商4月业绩断崖式下跌！半数净利下滑五成以上，众龙头券商""领衔""大滑坡 盈利能力下降","上市券商4月业绩断崖式下跌！半数净利下滑五成以上，众龙头券商""领衔""大滑坡 盈利能力下降"
2019-05-08,公告精选：23家券商披露4月成绩单，仅3家净利环比增长；海欣食品、来伊份等澄清“人造肉”业务,公告精选：23家券商披露4月成绩单，仅3家净利环比增长；海欣食品、来伊份等澄清“人造肉”业务
2019-05-08,长江证券：母公司4月净利7.01亿元 环比增长逾1.4倍,长江证券：母公司4月净利7.01亿元 环比增长逾1.4倍
2019-05-08,"长江证券：母公司4月份实现净利润70,085.21万元","长江证券：母公司4月份实现净利润70,085.21万元"
2019-05-08,长江证券：受益长江资管、长江保荐利润分配方案 4月母公司净利润超7亿元,长江证券：受益长江资管、长江保荐利润分配方案 4月母公司净利润超7亿元
2019-05-08,长江证券(000783.SZ)4月母公司净利大增526.77%至7.01亿元,长江证券(000783.SZ)4月母公司净利大增526.77%至7.01亿元
2019-05-09,20家证券公司发布2019年4月业绩 长江证券4月盈利7亿元,20家证券公司发布2019年4月业绩 长江证券4月盈利7亿元
2019-05-09,长江证券净利润暴跌83%背后：资管频频踩雷 海外业务亏损不断 亏损,长江证券净利润暴跌83%背后：资管频频踩雷 海外业务亏损不断 亏损
2019-05-09,长江证券(000783.SZ)逆势涨近6% 成4月券商业绩黑马,长江证券(000783.SZ)逆势涨近6% 成4月券商业绩黑马
2019-05-09,35家上市券商4月净利同比增逾五成,35家上市券商4月净利同比增逾五成
2019-05-09,4月“比惨大会”？6成上市券商净利环比遭“腰斩”,4月“比惨大会”？6成上市券商净利环比遭“腰斩”
2019-05-10,券商4月业绩“滑铁卢” 23家营收净利双“跳水” 盈利能力下降,券商4月业绩“滑铁卢” 23家营收净利双“跳水” 盈利能力下降
2019-05-13,【异动股】券商板块持续低迷 长江证券(000783-CN)跌近4%,【异动股】券商板块持续低迷 长江证券(000783-CN)跌近4%
2019-05-15,"证券行业月度业绩点评:业绩起伏不改价值本色,行情回落把握上车良机","证券行业月度业绩点评:业绩起伏不改价值本色,行情回落把握上车良机"
2019-05-15,券商股“底气”揭秘：8月业绩大丰收，15家公司净利翻倍，还有刚出炉的利好加持,券商股“底气”揭秘：8月业绩大丰收，15家公司净利翻倍，还有刚出炉的利好加持
2019-05-15,蓝英装备母公司股票回购违约 长江资管讨千万违约金 违约失信,蓝英装备母公司股票回购违约 长江资管讨千万违约金 违约失信
2019-05-16,券商4月业绩：营收环比减四成 国泰君安力压中信证券,券商4月业绩：营收环比减四成 国泰君安力压中信证券
2019-05-16,关于公布2019年第一次浙江辖区证券经营机构现场检查随机抽查结果的通知,关于公布2019年第一次浙江辖区证券经营机构现场检查随机抽查结果的通知
2019-05-16,一笔7亿质押引发纠纷！为了千万违约金，长江资管和上市公司股东互怼，最新判决来了,一笔7亿质押引发纠纷！为了千万违约金，长江资管和上市公司股东互怼，最新判决来了
2019-05-17,长江证券：拟向子公司长证国际增资不超8亿港元,长江证券：拟向子公司长证国际增资不超8亿港元
2019-05-17,A股大跌！沪指跌2.48%失守2900 北向资金流出逾52亿,A股大跌！沪指跌2.48%失守2900 北向资金流出逾52亿
2019-05-17,禁止新增大集合参与股权质押引发违约？ 长江证券资管：这锅我不背,禁止新增大集合参与股权质押引发违约？ 长江证券资管：这锅我不背
2019-05-17,踩雷股票质押 长江资管讨千万违约金 股票质押异常,踩雷股票质押 长江资管讨千万违约金 股票质押异常
2019-05-18,公告点题｜5月17日这些公告有看头,公告点题｜5月17日这些公告有看头
2019-05-19,拒付股权质押违约金 与长江资管公堂互怼 这家东北企业咋了？,拒付股权质押违约金 与长江资管公堂互怼 这家东北企业咋了？
2019-05-27,长江证券(000783.SZ)第一大股东解除质押8810万股,长江证券(000783.SZ)第一大股东解除质押8810万股
2019-05-30,募资用途监督不力国海受罚 债券受托管理监管将趋严,募资用途监督不力国海受罚 债券受托管理监管将趋严
2019-06-09,长江证券：母公司5月净利润7843.41万元,长江证券：母公司5月净利润7843.41万元
2019-06-13,[路演]长江证券：子公司保荐的三家科创板IPO项目均为已问询,[路演]长江证券：子公司保荐的三家科创板IPO项目均为已问询
2019-06-19,作为中部地区最大都市，武汉的人才吸引力十分强劲,作为中部地区最大都市，武汉的人才吸引力十分强劲
2019-06-19,打造资本神话：那些年我们追过的券商借壳股,打造资本神话：那些年我们追过的券商借壳股
2019-06-25,长江证券非公开发行90亿元证券公司次级债券项目获深交所受理,长江证券非公开发行90亿元证券公司次级债券项目获深交所受理
2019-06-30,长江证券(000783.SZ)获准向长江证券国际金融集团有限公司增资不超3亿港元,长江证券(000783.SZ)获准向长江证券国际金融集团有限公司增资不超3亿港元
2019-07-08,长江证券(000783.SZ)前6月母公司净利大增338.80%至16.21亿元,长江证券(000783.SZ)前6月母公司净利大增338.80%至16.21亿元
2019-07-08,长江证券：6月份母公司实现净利润1.38亿元,长江证券：6月份母公司实现净利润1.38亿元
2019-07-08,长江证券：母公司6月净利润1.38亿元，5月净利为7843万元,长江证券：母公司6月净利润1.38亿元，5月净利为7843万元
2019-07-09,上市券商6月集体翻身仗！3家净利环比翻10倍，半年业绩座次提前看,上市券商6月集体翻身仗！3家净利环比翻10倍，半年业绩座次提前看
2019-07-09,券商6月份营业收入：国泰君安22.79亿，南京证券1.64亿,券商6月份营业收入：国泰君安22.79亿，南京证券1.64亿
2019-07-11,金融：券商股迎配置窗口 荐2股,金融：券商股迎配置窗口 荐2股
2019-07-12,长江证券今日大宗交易成交29.42万股，成交价7.52元溢价0.0%,长江证券今日大宗交易成交29.42万股，成交价7.52元溢价0.0%
2019-07-12,A股共发生59宗大宗交易成交5.27亿元（7月12日）,A股共发生59宗大宗交易成交5.27亿元（7月12日）
2019-07-14,长江证券：2019年半年度业绩报告预告,长江证券：2019年半年度业绩报告预告
2019-07-14,长江证券(000783.SZ)上半年净利润预增187.6%至10.87亿元,长江证券(000783.SZ)上半年净利润预增187.6%至10.87亿元
2019-07-14,长江证券2019年上半年盈利10.87亿元 同比增长188%,长江证券2019年上半年盈利10.87亿元 同比增长188%
2019-07-14,长江证券：预计上半年净利润同比增长187.6%左右,长江证券：预计上半年净利润同比增长187.6%左右
2019-07-15,长江证券上半年净利增长近1.88倍,长江证券上半年净利增长近1.88倍
2019-07-15,券商股集体暴动！业绩黑马不只一两匹！10券商披露上半年业绩，多家净利数倍增长，哪类业务贡献最大,券商股集体暴动！业绩黑马不只一两匹！10券商披露上半年业绩，多家净利数倍增长，哪类业务贡献最大
2019-07-16,低基数效应显现 中小券商中报业绩普增逾五成,低基数效应显现 中小券商中报业绩普增逾五成
2019-07-16,计提减值超10亿压不住券商中期业绩爆发，5家预计同比超100% 资产异常,计提减值超10亿压不住券商中期业绩爆发，5家预计同比超100% 资产异常
2019-07-17,金融：半年报+科创板+美联储降息三预期叠加分析,金融：半年报+科创板+美联储降息三预期叠加分析
2019-07-17,券商股异动攀升，太平洋大涨6%,券商股异动攀升，太平洋大涨6%
2019-07-17,科创板“暖风”+靓丽业绩，券商股交易性机会已逐步呈现,科创板“暖风”+靓丽业绩，券商股交易性机会已逐步呈现
2019-07-18,上半年投行IPO成绩单出炉：32家券商赚30.86亿承销费 中信证券赚钱能力第一,上半年投行IPO成绩单出炉：32家券商赚30.86亿承销费 中信证券赚钱能力第一
2019-07-26,创新扶贫工作模式 为产业扶贫注入“金融动力”——长江证券股份有限公司精准扶贫工作汇报,创新扶贫工作模式 为产业扶贫注入“金融动力”——长江证券股份有限公司精准扶贫工作汇报
2019-07-27,最惨连降5级！券商最新分类评价结果来了：谁是最大赢家？,最惨连降5级！券商最新分类评价结果来了：谁是最大赢家？
2019-07-29,券商股早盘集体走弱 长江证券跌超6%,券商股早盘集体走弱 长江证券跌超6%
2019-07-29,【异动股】券商信托板块下挫，长江证券(000783-CN)跌6.41%,【异动股】券商信托板块下挫，长江证券(000783-CN)跌6.41%
2019-07-29,【异动股】券商信托板块下挫，长江证券(000783-CN)跌6.17%,【异动股】券商信托板块下挫，长江证券(000783-CN)跌6.17%
2019-07-29,券商股午后集体回调 长江证券跌逾6%,券商股午后集体回调 长江证券跌逾6%
2019-07-29,券商股盘初跳水，华泰证券跌近4%,券商股盘初跳水，华泰证券跌近4%
2019-07-30,头部券商优势凸显 行业集中度料提升,头部券商优势凸显 行业集中度料提升
2019-08-01,中期业绩“喜大普奔” 大型券商赚大钱中小券商忙翻番,中期业绩“喜大普奔” 大型券商赚大钱中小券商忙翻番
2019-08-01,中报披露过半，大小券商疯赚，有个雷区勿踩！,中报披露过半，大小券商疯赚，有个雷区勿踩！
2019-08-05,重回高增长轨道 券商上半年先锋榜出炉,重回高增长轨道 券商上半年先锋榜出炉
2019-08-06,长江证券(000783.SZ)当年累计新增借款超上年末净资产20% 大额借贷担保,长江证券(000783.SZ)当年累计新增借款超上年末净资产20% 大额借贷担保
2019-08-06,长江证券(000783.SZ)7月母公司净利润5726.32万元 同比下降55.02% 盈利能力下降,长江证券(000783.SZ)7月母公司净利润5726.32万元 同比下降55.02% 盈利能力下降
2019-08-06,长江证券：当年累计新增借款占上年末净资产比例为29.50%,长江证券：当年累计新增借款占上年末净资产比例为29.50%
2019-08-09,"非银金融行业:【联讯非银】上市券商7月业绩点评,业绩环比微跌,科创板助推投行业务增长","非银金融行业:【联讯非银】上市券商7月业绩点评,业绩环比微跌,科创板助推投行业务增长"
2019-08-14,晚间要闻2019年8月14日星期三,晚间要闻2019年8月14日星期三
2019-08-14,长江证券回应：研究所前员工举报公司相关人员“行贿”新财富评选不实 诉讼纠纷,长江证券回应：研究所前员工举报公司相关人员“行贿”新财富评选不实 诉讼纠纷
2019-08-16,长江证券爆料人独家回应:巴不得长江证券快点起诉！,长江证券爆料人独家回应:巴不得长江证券快点起诉！
2019-08-19,股权质押式回购交易违约 凯乐科技大股东突显“流动性危机” 违约失信,股权质押式回购交易违约 凯乐科技大股东突显“流动性危机” 违约失信
2019-08-20,上半年券商收获颇丰 股权质押业务成“黑天鹅”,上半年券商收获颇丰 股权质押业务成“黑天鹅”
2019-08-24,长江证券：隐藏在扣分项里的秘密,长江证券：隐藏在扣分项里的秘密
2019-08-29,长江证券：上半年净利10.87亿元 同比增187.6%,长江证券：上半年净利10.87亿元 同比增187.6%
2019-08-29,长江证券：拟向全资子公司“长江创新”增资10亿元,长江证券：拟向全资子公司“长江创新”增资10亿元
2019-08-29,长江证券上半年实现净利润10.87亿元 同比增长187.60%,长江证券上半年实现净利润10.87亿元 同比增长187.60%
2019-08-29,长江证券：上半年净利润同比增187.60%,长江证券：上半年净利润同比增187.60%
2019-09-05,长江证券(000783.SZ)8月母公司业绩扭亏为盈至1.17亿元,长江证券(000783.SZ)8月母公司业绩扭亏为盈至1.17亿元
2019-09-10,长信基金二季度40只产品合计亏损7亿元，近六成混合型基金市场份额下滑,长信基金二季度40只产品合计亏损7亿元，近六成混合型基金市场份额下滑
2019-09-11,券商股又一次“先知先觉”？ 极似2015年牛市行情前夜,券商股又一次“先知先觉”？ 极似2015年牛市行情前夜
2019-10-14,长江证券(000783.SZ)第三季度净利润预增94.53%,长江证券(000783.SZ)第三季度净利润预增94.53%
2019-10-14,长江证券：前三季度净利预增156%,长江证券：前三季度净利预增156%
2019-10-14,长江证券：预计前三季度净利润同比增长156.11%左右,长江证券：预计前三季度净利润同比增长156.11%左右
2019-10-15,长江证券：2019年前三季度业绩报告预告,长江证券：2019年前三季度业绩报告预告
2019-10-25,长江证券：前三季度净利14.63亿元 同比增156%,长江证券：前三季度净利14.63亿元 同比增156%
2019-10-25,长江证券公布三季报 前三季净利增加156.11%,长江证券公布三季报 前三季净利增加156.11%
2019-10-25,长江证券：前三季度净利润14.63亿 同比增长156.11%,长江证券：前三季度净利润14.63亿 同比增长156.11%
2019-10-25,长江证券：1-9月计提各项资产减值准备1.5亿元 资产异常,长江证券：1-9月计提各项资产减值准备1.5亿元 资产异常
2019-10-26,长江证券股份有限公司2019第三季度报告,长江证券股份有限公司2019第三季度报告
2019-10-28,今年券商裁撤分支机构达去年三倍 综合金融服务能力是重要考量,今年券商裁撤分支机构达去年三倍 综合金融服务能力是重要考量
2019-10-28,长江证券三季报业绩亮眼 IPO承销收入同比增长近5倍,长江证券三季报业绩亮眼 IPO承销收入同比增长近5倍
2019-11-01,长江证券(000783.SZ)向长江资管增加注册资本13亿元且一次性实缴到位,长江证券(000783.SZ)向长江资管增加注册资本13亿元且一次性实缴到位
2019-11-01,长江证券：关于高级管理人员辞职的公告 董监高成员变化,长江证券：关于高级管理人员辞职的公告 董监高成员变化
2019-11-04,长江研究 | 一周榜单2019.11.10,长江研究 | 一周榜单2019.11.10
2019-11-06,长江证券：当年累计新增借款占上年末净资产的30.32% 大额借贷担保,长江证券：当年累计新增借款占上年末净资产的30.32% 大额借贷担保
2019-11-06,长江证券(000783.SZ)当年累计新增借款超上年末净资产20% 大额借贷担保,长江证券(000783.SZ)当年累计新增借款超上年末净资产20% 大额借贷担保
2019-11-06,长江证券(000783.SZ)：前10月母公司净利大增326.57%至19.94亿元,长江证券(000783.SZ)：前10月母公司净利大增326.57%至19.94亿元
2019-11-07,长江证券完成换届 总裁刘元瑞连任,长江证券完成换届 总裁刘元瑞连任
2019-11-07,三达膜(688101.SH)网上摇号中签号码共64115个 长江证券创新投资获配328.587万,三达膜(688101.SH)网上摇号中签号码共64115个 长江证券创新投资获配328.587万
2019-11-08,长江证券方正证券等一掷千金 对境外子公司增资,长江证券方正证券等一掷千金 对境外子公司增资
2019-11-10,大手笔增资子公司 这些券商境外布局又进一步,大手笔增资子公司 这些券商境外布局又进一步
2019-11-11,原长江证券总裁邓晖拟履新东吴基金总经理,原长江证券总裁邓晖拟履新东吴基金总经理
2019-11-15,六名债券交易员侵占近9000万 中航、海通证券被算计,六名债券交易员侵占近9000万 中航、海通证券被算计
2019-11-18,境外子公司频频获增资——券商“走出去”再进一步,境外子公司频频获增资——券商“走出去”再进一步
2019-11-19,券业模式巨变！年内裁撤营业部超去年3倍，新设不足6成,券业模式巨变！年内裁撤营业部超去年3倍，新设不足6成
2019-11-22,金融中台爆火，袋鼠云数栈助力证券行业数智化升级,金融中台爆火，袋鼠云数栈助力证券行业数智化升级
2019-11-25,长江证券8亿港元输血国际板块 券商陆续加码境外业务,长江证券8亿港元输血国际板块 券商陆续加码境外业务
2019-11-28,长江证券(000783.SZ)已完成向长证国际第二笔增资约5亿港元,长江证券(000783.SZ)已完成向长证国际第二笔增资约5亿港元
2019-12-05,长江证券：1-11月实现净利润20.37亿元,长江证券：1-11月实现净利润20.37亿元
2019-12-05,长江证券今日大宗交易成交751.55万股，成交价6.25元折价0.95%,长江证券今日大宗交易成交751.55万股，成交价6.25元折价0.95%
2019-12-05,A股共发生86宗大宗交易成交19.51亿元（12月5日）,A股共发生86宗大宗交易成交19.51亿元（12月5日）
2019-12-06,长江证券(000783.SZ)及子公司年初至今获得政府补助4247.13万元,长江证券(000783.SZ)及子公司年初至今获得政府补助4247.13万元
2019-12-10,上市券商全年业绩轮廓已显，36家11个月大赚786亿元,上市券商全年业绩轮廓已显，36家11个月大赚786亿元
2019-12-18,多家券商获政府补贴 广发证券“红包”逾7亿,多家券商获政府补贴 广发证券“红包”逾7亿
2019-12-20,券商频收政府补贴 超过亿元的就有8家 谁拿到的“红包”最大？,券商频收政府补贴 超过亿元的就有8家 谁拿到的“红包”最大？
2019-12-20,长江证券(000783.SZ)完成向长江资管增资13亿元,长江证券(000783.SZ)完成向长江资管增资13亿元
2019-12-25,天风证券：没有筹备资金收购长江证券的计划,天风证券：没有筹备资金收购长江证券的计划
2019-12-27,科创板贡献重要增量，券商今年承销保荐收入逾110亿元,科创板贡献重要增量，券商今年承销保荐收入逾110亿元
2020-01-09,1月10日涨停板早知道：七大利好有望发酵,1月10日涨停板早知道：七大利好有望发酵
2020-01-09,长江证券：母公司2019年净利22.39亿 同比增长逾8倍,长江证券：母公司2019年净利22.39亿 同比增长逾8倍
2020-01-09,长江证券：2019年12月实现净利润2.02亿元,长江证券：2019年12月实现净利润2.02亿元
2020-01-09,长江证券：母公司2019年净利润22.39亿元 同比增长逾8倍,长江证券：母公司2019年净利润22.39亿元 同比增长逾8倍
2020-01-09,长江证券(000783.SZ)：12月母公司业绩扭亏为盈净利润2.02亿元,长江证券(000783.SZ)：12月母公司业绩扭亏为盈净利润2.02亿元
2020-01-09,长江证券：母公司去年12月净利润2.02亿元,长江证券：母公司去年12月净利润2.02亿元
2020-01-09,长江证券：2019年母公司净利润22.4亿元,长江证券：2019年母公司净利润22.4亿元
2020-01-15,券商板块走强,券商板块走强
2020-01-16,长江证券：已将20.23亿元资金归还至可转换募资专用账户,长江证券：已将20.23亿元资金归还至可转换募资专用账户
2020-01-17,券商板块走强,券商板块走强
2020-01-22,长江证券：2019年年度业绩报告预告,长江证券：2019年年度业绩报告预告
2020-01-22,长江证券：预2019净利润17亿 比上年同期增长563.27%,长江证券：预2019净利润17亿 比上年同期增长563.27%
2020-01-22,长江证券：2019年预盈超17亿元 同比增563%,长江证券：2019年预盈超17亿元 同比增563%
2020-01-22,长江证券：2019年第四季度计提各项资产减值准备共计约3.88亿元,长江证券：2019年第四季度计提各项资产减值准备共计约3.88亿元
2020-01-22,长江证券(000783.SZ)：2019年净利预增563.27%,长江证券(000783.SZ)：2019年净利预增563.27%
2020-01-22,家属咳嗽员工自行隔离、武汉员工重点关注，金融机构防控升级,家属咳嗽员工自行隔离、武汉员工重点关注，金融机构防控升级
2020-01-22,长江证券：预计2019年净利润同比增长563.27%左右,长江证券：预计2019年净利润同比增长563.27%左右
2020-01-25,长江证券公告，向武汉市7家托管医院捐赠共1000万元,长江证券公告，向武汉市7家托管医院捐赠共1000万元
2020-01-25,抗击疫情证券业在行动！多家券商捐款捐物，协助筹措紧缺物资,抗击疫情证券业在行动！多家券商捐款捐物，协助筹措紧缺物资
2020-02-03,武汉本地两家券商复工，开启“远程+现场”上班模式,武汉本地两家券商复工，开启“远程+现场”上班模式
2020-02-05,深市“战疫”特写：408家上市公司驰援，监管绿色通道开启,深市“战疫”特写：408家上市公司驰援，监管绿色通道开启
2020-02-06,长江证券：证监会核准公司发行不超65亿元公司债券,长江证券：证监会核准公司发行不超65亿元公司债券
2020-02-06,长江证券(000783.SZ)：发行不超65亿元公司债获证监会核准,长江证券(000783.SZ)：发行不超65亿元公司债获证监会核准
2020-02-10,【非银金融】节后市场显韧性，关注券商长期投资价值——非银金融行业周报——看好（联系人：张继袖、王磊）,【非银金融】节后市场显韧性，关注券商长期投资价值——非银金融行业周报——看好（联系人：张继袖、王磊）
2020-02-14,长江证券：母公司1月份净利润1.04亿元,长江证券：母公司1月份净利润1.04亿元
2020-02-14,长江证券：母公司1月实现净利1.04亿元,长江证券：母公司1月实现净利1.04亿元
2020-02-14,公告点题丨2月14日这些公告有看头,公告点题丨2月14日这些公告有看头
2020-02-14,长江证券母公司1月份实现净利1.04亿元,长江证券母公司1月份实现净利1.04亿元
2020-02-14,长江证券(000783.SZ)1月母公司净利润1.04亿元 同比下降22.37% 盈利能力下降,长江证券(000783.SZ)1月母公司净利润1.04亿元 同比下降22.37% 盈利能力下降
2020-02-17,长江证券(000783.SZ)拟公开发行不超40亿元公司债券 用于补充运营资金,长江证券(000783.SZ)拟公开发行不超40亿元公司债券 用于补充运营资金
2020-02-17,【安信非银第6期周报】再融资新规出台，券商受益持续看好,【安信非银第6期周报】再融资新规出台，券商受益持续看好
2020-02-19,长江证券(000783.SZ)拟使用6.6亿元可转债闲置募集资金暂补流动资金,长江证券(000783.SZ)拟使用6.6亿元可转债闲置募集资金暂补流动资金
2020-02-19,长江证券：拟用6.6亿可转债闲置资金补充流动资金,长江证券：拟用6.6亿可转债闲置资金补充流动资金
2020-02-24,六部委重磅发声！央行：让利率继续下行！中央这一定调引关注,六部委重磅发声！央行：让利率继续下行！中央这一定调引关注
2020-02-24,长江证券(000783.SZ)完成发行40亿元公司债券,长江证券(000783.SZ)完成发行40亿元公司债券
2020-02-25,A股巨震，创业板一度跌超4%！机构火线解盘,A股巨震，创业板一度跌超4%！机构火线解盘
2020-02-25,长江证券首席经济学家伍戈：基础货币投放、定向降准仍有空间,长江证券首席经济学家伍戈：基础货币投放、定向降准仍有空间
2020-02-25,21家券商承销18只“疫情防控债”，累计规模168亿元,21家券商承销18只“疫情防控债”，累计规模168亿元
2020-03-03,长江证券被列为执行人 2019年净利预增563%,长江证券被列为执行人 2019年净利预增563%
2020-03-04,独家！券商股票质押减值计提迎严格规范，监管直指四大问题！ 股票质押异常,独家！券商股票质押减值计提迎严格规范，监管直指四大问题！ 股票质押异常
2020-03-04,9家券商2019年拟计提资产减值逾40亿元,9家券商2019年拟计提资产减值逾40亿元
2020-03-04,券商股票质押减值计提迎严格规范，监管直指四大问题！,券商股票质押减值计提迎严格规范，监管直指四大问题！
2020-03-05,长江证券“火线复工” 武汉营业部开户业务忙,长江证券“火线复工” 武汉营业部开户业务忙
2020-03-05,长江证券(000783.SZ)：2月母公司净利润2.75亿元同比下降2.27% 盈利能力下降,长江证券(000783.SZ)：2月母公司净利润2.75亿元同比下降2.27% 盈利能力下降
2020-03-05,长江证券：母公司2月净利润2.75亿元,长江证券：母公司2月净利润2.75亿元
2020-03-05,[公司]长江证券：母公司2月份实现净利2.75亿元,[公司]长江证券：母公司2月份实现净利2.75亿元
2020-03-07,湖北券业复工：经纪转线上，投行待出发,湖北券业复工：经纪转线上，投行待出发
2020-03-08,长江证券(000783.SZ)：“长证转债”3月12日付息,长江证券(000783.SZ)：“长证转债”3月12日付息
2020-03-08,长江证券：第一大股东新理益集团将1.8亿股公司股份质押给中铁信托,长江证券：第一大股东新理益集团将1.8亿股公司股份质押给中铁信托
2020-03-12,千亿龙头砸出黄金坑？聪明资金扎堆买这些股,千亿龙头砸出黄金坑？聪明资金扎堆买这些股
2020-03-13,证券业红利持续释放,证券业红利持续释放
2020-03-16,【行情】券商板块午后大跌，中银证券跌9%，华林证券、华安证券、南京证券、长江证券、红塔证券等集体下挫。 连续下跌,【行情】券商板块午后大跌，中银证券跌9%，华林证券、华安证券、南京证券、长江证券、红塔证券等集体下挫。 连续下跌
2020-03-16,长江证券(000783.SZ)拟公开发行不超23.5亿元的公司债券,长江证券(000783.SZ)拟公开发行不超23.5亿元的公司债券
2020-03-17,博腾股份连续涨停，南京游资爆买过亿元,博腾股份连续涨停，南京游资爆买过亿元
2020-03-18,达安基因午后直线涨停，佛山游资入驻,达安基因午后直线涨停，佛山游资入驻
2020-03-19,光刻胶题材持续大涨，游资青睐有加,光刻胶题材持续大涨，游资青睐有加
2020-03-19,券商资管变局：拥抱主动管理，公募化驶入快车道,券商资管变局：拥抱主动管理，公募化驶入快车道
2020-03-20,3月20日A股龙虎榜揭秘，机构抢筹8股,3月20日A股龙虎榜揭秘，机构抢筹8股
2020-03-20,定增再融资预案数量同比增逾七倍，券商业绩提速有了新引擎,定增再融资预案数量同比增逾七倍，券商业绩提速有了新引擎
2020-03-23,3月23日A股龙虎榜揭秘，机构最青睐7股,3月23日A股龙虎榜揭秘，机构最青睐7股
2020-03-24,长江证券(000783.SZ)完成发行23亿元公司债券,长江证券(000783.SZ)完成发行23亿元公司债券
2020-03-24,拓维信息再度涨停，实力游资进驻,拓维信息再度涨停，实力游资进驻
2020-03-24,3月24日A股龙虎榜揭秘，机构抢筹13股,3月24日A股龙虎榜揭秘，机构抢筹13股
2020-03-24,[互动]长江证券：公司目前已经提交线下复工申请,[互动]长江证券：公司目前已经提交线下复工申请
2020-03-25,单靠新基建远远不够！请收好这份核心资产名单,单靠新基建远远不够！请收好这份核心资产名单
2020-03-25,1.13万亿市值回来了！一风向标逼近历史极值，拐点要来？,1.13万亿市值回来了！一风向标逼近历史极值，拐点要来？
2020-03-25,3月25日A股龙虎榜揭秘，机构最青睐9股,3月25日A股龙虎榜揭秘，机构最青睐9股
2020-03-26,南兴装备股份有限公司 关于股东部分股份质押延期购回的公告,南兴装备股份有限公司 关于股东部分股份质押延期购回的公告
2020-03-27,3月27日A股龙虎榜揭秘，机构抛售13股,3月27日A股龙虎榜揭秘，机构抛售13股
2020-03-27,首批八份券商年报勾勒“危与机”：中信自营占鳌头，招商资管规模增近八成,首批八份券商年报勾勒“危与机”：中信自营占鳌头，招商资管规模增近八成
2020-03-30,3月30日A股龙虎榜揭秘，机构抢筹12股,3月30日A股龙虎榜揭秘，机构抢筹12股
2020-04-01,4月1日A股龙虎榜揭秘，机构抛售8股,4月1日A股龙虎榜揭秘，机构抛售8股
2020-04-02,4月2日A股龙虎榜揭秘，机构抛售13股,4月2日A股龙虎榜揭秘，机构抛售13股
2020-04-03,长江证券APP月活大增七成,长江证券APP月活大增七成
2020-04-03,4月3日A股龙虎榜揭秘，机构抛售9股,4月3日A股龙虎榜揭秘，机构抛售9股
2020-04-07,加杠杆迅猛！3家券商一季度新增借款合计超200亿，发债、卖出回购金融资产等是主要方式！ 大额借贷担保,加杠杆迅猛！3家券商一季度新增借款合计超200亿，发债、卖出回购金融资产等是主要方式！ 大额借贷担保
2020-04-07,4月7日A股龙虎榜揭秘，机构最青睐6股,4月7日A股龙虎榜揭秘，机构最青睐6股
2020-04-07,长江证券(000783.SZ)：当年累计新增借款超上年末净资产20% 大额借贷担保,长江证券(000783.SZ)：当年累计新增借款超上年末净资产20% 大额借贷担保
2020-04-07,中国债券市场交易备忘（4月7日）,中国债券市场交易备忘（4月7日）
2020-04-07,长江证券：当年累计新增借款超过上年末净资产百分之二十 大额借贷担保,长江证券：当年累计新增借款超过上年末净资产百分之二十 大额借贷担保
2020-04-08,长江证券“硬核”抗疫 线上渠道新开户数量连续两月大增,长江证券“硬核”抗疫 线上渠道新开户数量连续两月大增
2020-04-08,4月8日A股龙虎榜揭秘，机构抢筹8股,4月8日A股龙虎榜揭秘，机构抢筹8股
2020-04-09,新冠疫情倒逼券商业务线上转型,新冠疫情倒逼券商业务线上转型
2020-04-09,四大证券报摘要：年报披露指南 社保基金新进39股,四大证券报摘要：年报披露指南 社保基金新进39股
2020-04-09,长江证券：母公司3月实现净利润0.22亿元,长江证券：母公司3月实现净利润0.22亿元
2020-04-09,长江证券(000783.SZ)：3月母公司净利润2155.45万元同比下降92.55% 盈利能力下降,长江证券(000783.SZ)：3月母公司净利润2155.45万元同比下降92.55% 盈利能力下降
2020-04-09,4月9日A股龙虎榜揭秘，机构最青睐8股,4月9日A股龙虎榜揭秘，机构最青睐8股
2020-04-10,4月10日A股龙虎榜揭秘，机构抛售11股,4月10日A股龙虎榜揭秘，机构抛售11股
2020-04-10,券商最新业绩来了！中信稳居第一，海通、中信建投净利跻身前三！,券商最新业绩来了！中信稳居第一，海通、中信建投净利跻身前三！
2020-04-10,一季度券商业绩“过山车”，3月行业营收净利环比普降 盈利能力下降,一季度券商业绩“过山车”，3月行业营收净利环比普降 盈利能力下降
2020-04-13,两大利率现分歧，债牛还会持续？,两大利率现分歧，债牛还会持续？
2020-04-13,4月13日A股龙虎榜揭秘，机构抛售14股,4月13日A股龙虎榜揭秘，机构抛售14股
2020-04-14,4月14日A股龙虎榜揭秘，机构抛售7股,4月14日A股龙虎榜揭秘，机构抛售7股
2020-04-15,最新科技龙头回调榜出炉！北上资金抄底股曝光,最新科技龙头回调榜出炉！北上资金抄底股曝光
2020-04-15,4月15日A股龙虎榜揭秘，机构抛售13股,4月15日A股龙虎榜揭秘，机构抛售13股
2020-04-16,合并传闻引发券业整合路径猜想：或不限于“大吃小”,合并传闻引发券业整合路径猜想：或不限于“大吃小”
2020-04-16,4月16日A股龙虎榜揭秘，机构减持9股,4月16日A股龙虎榜揭秘，机构减持9股
2020-04-17,4月17日A股龙虎榜揭秘，机构买入11股,4月17日A股龙虎榜揭秘，机构买入11股
2020-04-21,4月21日A股龙虎榜揭秘，机构抢筹9股,4月21日A股龙虎榜揭秘，机构抢筹9股
2020-04-22,4月22日A股龙虎榜揭秘，机构买入10股,4月22日A股龙虎榜揭秘，机构买入10股
2020-04-23,长江证券(000783.SZ)及子公司年初至今已获得与收益相关政府补助3606.7万元,长江证券(000783.SZ)及子公司年初至今已获得与收益相关政府补助3606.7万元
2020-04-23,4月23日A股龙虎榜揭秘，机构抛售11股,4月23日A股龙虎榜揭秘，机构抛售11股
2020-04-24,4月24日A股龙虎榜揭秘，机构买入10股,4月24日A股龙虎榜揭秘，机构买入10股
2020-04-27,4月27日A股龙虎榜揭秘，机构卖出12股,4月27日A股龙虎榜揭秘，机构卖出12股
2020-04-28,长江证券(000783.SZ)2019年度净利润升547.66%至16.66亿元拟10派1.5元,长江证券(000783.SZ)2019年度净利润升547.66%至16.66亿元拟10派1.5元
2020-04-29,长江证券去年净利润16.66亿元 今年一季度净利润4.26亿元,长江证券去年净利润16.66亿元 今年一季度净利润4.26亿元
2020-04-29,长江证券一季度净利润4.26亿元 同比减少44.29% 盈利能力下降,长江证券一季度净利润4.26亿元 同比减少44.29% 盈利能力下降
2020-04-29,长江证券：2020年一季度净利降44.29%至4.26亿元 盈利能力下降,长江证券：2020年一季度净利降44.29%至4.26亿元 盈利能力下降
2020-04-29,长江证券(000783.SZ)一季度净利润降44.29%至4.26亿元 盈利能力下降,长江证券(000783.SZ)一季度净利润降44.29%至4.26亿元 盈利能力下降
2020-04-29,长江证券：2019年净利润同比增长547.66%,长江证券：2019年净利润同比增长547.66%
2020-04-29,长江证券2019年净利增长超五倍 完成8家IPO,长江证券2019年净利增长超五倍 完成8家IPO
2020-04-30,A股券商季报！红塔、浙商、银河、华林证券收入增速太快了,A股券商季报！红塔、浙商、银河、华林证券收入增速太快了
2020-04-30,4月30日A股龙虎榜揭秘,4月30日A股龙虎榜揭秘
2020-05-01,长江证券去年承销业务进入行业前十 证券自营增1061%,长江证券去年承销业务进入行业前十 证券自营增1061%
2020-05-01,券商研究排名出炉！中信证券重回第一，中信建投闯入前三,券商研究排名出炉！中信证券重回第一，中信建投闯入前三
2020-05-02,微粒贷“裂变式”营销一日游背后,微粒贷“裂变式”营销一日游背后
2020-05-06,5月6日A股龙虎榜揭秘，机构抢筹17股,5月6日A股龙虎榜揭秘，机构抢筹17股
2020-05-06,北京文化再度一字跌停，机构持续卖出,北京文化再度一字跌停，机构持续卖出
2020-05-06,公募REITs启航，这些行业与个股最受益,公募REITs启航，这些行业与个股最受益
2020-05-06,57家基金公司2019年净利润合计217亿,57家基金公司2019年净利润合计217亿
2020-05-07,最前线｜多家券商发布2019及2020Q1传媒行业总结：线上线下、头部非头部公司间分化加速,最前线｜多家券商发布2019及2020Q1传媒行业总结：线上线下、头部非头部公司间分化加速
2020-05-07,5月7日A股龙虎榜揭秘,5月7日A股龙虎榜揭秘
2020-05-08,5月8日A股龙虎榜揭秘，机构买入9股,5月8日A股龙虎榜揭秘，机构买入9股
2020-05-10,长江证券：4月公司母公司实现营收7.9亿元，净利润2.39亿元,长江证券：4月公司母公司实现营收7.9亿元，净利润2.39亿元
2020-05-10,长江证券：母公司4月份净利为2.39亿 环比增长逾十倍,长江证券：母公司4月份净利为2.39亿 环比增长逾十倍
2020-05-10,长江证券：母公司4月份净利为2.39亿元,长江证券：母公司4月份净利为2.39亿元
2020-05-10,长江证券(000783.SZ)4月母公司净利润下降65.87%至2.39亿元 盈利能力下降,长江证券(000783.SZ)4月母公司净利润下降65.87%至2.39亿元 盈利能力下降
2020-05-10,长江证券：4月母公司实现净利润2.39亿元 环比增长逾十倍,长江证券：4月母公司实现净利润2.39亿元 环比增长逾十倍
2020-05-10,下周操盘攻略：4月CPI工业增加值等重磅数据即将发布,下周操盘攻略：4月CPI工业增加值等重磅数据即将发布
2020-05-11,"多家券商股票质押纠纷胜诉，被执行人却""一无所有""！ 诉讼纠纷","多家券商股票质押纠纷胜诉，被执行人却""一无所有""！ 诉讼纠纷"
2020-05-11,证券业高速发展10年，深圳券商却走“丢”，如何重振雄风？,证券业高速发展10年，深圳券商却走“丢”，如何重振雄风？
2020-05-11,A股券商4月“月考”：中信证券龙头位置稳固,A股券商4月“月考”：中信证券龙头位置稳固
2020-05-11,5月11日A股龙虎榜揭秘，机构买入9股,5月11日A股龙虎榜揭秘，机构买入9股
2020-05-12,全面飙升！券商4月业绩集体爆发，这家净利环比增39倍,全面飙升！券商4月业绩集体爆发，这家净利环比增39倍
2020-05-12,券商4月业绩爆发，七成券商营收净利环比双增,券商4月业绩爆发，七成券商营收净利环比双增
2020-05-12,5月12日A股龙虎榜揭秘，机构卖出10股,5月12日A股龙虎榜揭秘，机构卖出10股
2020-05-12,券商4月业绩爆发：3头部大赚超10亿 方正证券环比增39倍,券商4月业绩爆发：3头部大赚超10亿 方正证券环比增39倍
2020-05-12,4月业绩大爆发，四成券商净利润环比翻倍,4月业绩大爆发，四成券商净利润环比翻倍
2020-05-12,数说券商业绩：25家营收净利双丰收 3家头部大赚超10亿,数说券商业绩：25家营收净利双丰收 3家头部大赚超10亿
2020-05-12,券商4月业绩强势反弹有望迎估值回升 武汉“解封”长江证券净利增10倍,券商4月业绩强势反弹有望迎估值回升 武汉“解封”长江证券净利增10倍
2020-05-12,全面飙升:券商4月业绩集体爆发 25家营收净利双丰收,全面飙升:券商4月业绩集体爆发 25家营收净利双丰收
2020-05-13,超七成上市券商4月份业绩环比增长净利最高增39倍,超七成上市券商4月份业绩环比增长净利最高增39倍
2020-05-13,5月13日A股龙虎榜揭秘，机构买入11股,5月13日A股龙虎榜揭秘，机构买入11股
2020-05-14,券业喜迎红四月：46家券商业绩环比增五成,券业喜迎红四月：46家券商业绩环比增五成
2020-05-15,5月15日A股龙虎榜揭秘，机构抢筹10股,5月15日A股龙虎榜揭秘，机构抢筹10股
2020-05-17,券商重磅业务裂变：“黑马”频出，豪门跌落,券商重磅业务裂变：“黑马”频出，豪门跌落
2020-05-19,A股券商赚钱榜：去年净利合计增长71%仅一家下滑资管业务成最疲弱地带,A股券商赚钱榜：去年净利合计增长71%仅一家下滑资管业务成最疲弱地带
2020-05-19,5月19日A股龙虎榜揭秘，机构抛售17股,5月19日A股龙虎榜揭秘，机构抛售17股
2020-05-20,5月20日A股龙虎榜揭秘，机构抛售12股,5月20日A股龙虎榜揭秘，机构抛售12股
2020-05-20,融资客青睐9股，莱美药业买入占比高达56.90%,融资客青睐9股，莱美药业买入占比高达56.90%
2020-05-21,券商母公司4月净利排行榜：中信申万居前二，国泰华泰排名下行,券商母公司4月净利排行榜：中信申万居前二，国泰华泰排名下行
2020-05-21,5月21日A股龙虎榜揭秘，机构买入13股,5月21日A股龙虎榜揭秘，机构买入13股
2020-05-22,A股37家券商去年11家人均薪酬福利超50万元 中信居首,A股37家券商去年11家人均薪酬福利超50万元 中信居首
2020-05-22,5月22日A股龙虎榜揭秘，机构买入5股,5月22日A股龙虎榜揭秘，机构买入5股
2020-05-25,5月25日A股龙虎榜揭秘,5月25日A股龙虎榜揭秘
2020-05-26,长江证券(000783.SZ)年报推10派1.5元 股权登记日6月1日,长江证券(000783.SZ)年报推10派1.5元 股权登记日6月1日
2020-05-26,长江证券(000783.SZ)：长证转债转股价调整为7.28元/股6月2日生效,长江证券(000783.SZ)：长证转债转股价调整为7.28元/股6月2日生效
2020-05-26,证券业整体上市还有多远？90家券商资产已上市,证券业整体上市还有多远？90家券商资产已上市
2020-05-26,5月26日A股龙虎榜揭秘,5月26日A股龙虎榜揭秘
2020-05-27,5月27日A股龙虎榜揭秘,5月27日A股龙虎榜揭秘
2020-06-03,富时罗素：富时中国A50等指数季度审核变更6月22日生效,富时罗素：富时中国A50等指数季度审核变更6月22日生效
2020-06-05,长江证券(000783.SZ)5月母公司净利润1.03亿元 同比增长31.23%,长江证券(000783.SZ)5月母公司净利润1.03亿元 同比增长31.23%
2020-06-12,长江证券：新理益集团及其一致行动人国华人寿累计增持1.36%股份,长江证券：新理益集团及其一致行动人国华人寿累计增持1.36%股份
2020-06-12,分仓江湖炸了！头部公募拟压缩券商分仓准入清单,分仓江湖炸了！头部公募拟压缩券商分仓准入清单
2020-06-12,长江证券(000783.SZ)：新理益及国华人寿保险累计增持7533.46万股,长江证券(000783.SZ)：新理益及国华人寿保险累计增持7533.46万股
2020-06-12,晚间重要公告2020年6月12日星期五,晚间重要公告2020年6月12日星期五
2020-06-14,5天6家过会：精选层推进速度惊人，中小保荐机构抓准“逆袭”良机,5天6家过会：精选层推进速度惊人，中小保荐机构抓准“逆袭”良机
2020-06-15,券商股拉升，长江证券、国金证券领涨,券商股拉升，长江证券、国金证券领涨
2020-06-15,“意念跌停”秒变涨停，创业板猛飙2%，央妈端上2000亿“麻辣粉”,“意念跌停”秒变涨停，创业板猛飙2%，央妈端上2000亿“麻辣粉”
2020-06-15,创业板注册制落地引爆券商板块！谁将享受头波“红利”,创业板注册制落地引爆券商板块！谁将享受头波“红利”
2020-06-17,6月逾200亿减持，4千亿巨量解禁下月将至,6月逾200亿减持，4千亿巨量解禁下月将至
2020-06-20,又有两家券商拿下PB资格，还有8家待审中！托管人增至48家，托管市场竞争惨烈,又有两家券商拿下PB资格，还有8家待审中！托管人增至48家，托管市场竞争惨烈
2020-06-22,"3000点关口""牛市旗手""暴力拉升 四股引瞩目","3000点关口""牛市旗手""暴力拉升 四股引瞩目"
2020-06-22,创业板首批32家名单出炉，两百家“平移”企业迎考注册制,创业板首批32家名单出炉，两百家“平移”企业迎考注册制
2020-06-23,定了！创业板注册制首批32家企业出炉，百亿融资大户现身,定了！创业板注册制首批32家企业出炉，百亿融资大户现身
2020-06-29,众生药业再度涨停，两机构买入4672万元,众生药业再度涨停，两机构买入4672万元
2020-07-01,“无切片，不ToB” 网络切片将成5G时代最称手武器,“无切片，不ToB” 网络切片将成5G时代最称手武器
2020-07-03,光大证券7天4涨停：拿下基金托管牌照 回应称无重大信息需要披露,光大证券7天4涨停：拿下基金托管牌照 回应称无重大信息需要披露
2020-07-03,7天4个涨停！刚刚，这家券商还拿下基金托管牌照，并回应：无重大信息需要披露,7天4个涨停！刚刚，这家券商还拿下基金托管牌照，并回应：无重大信息需要披露
2020-07-03,上交所发布2020年二季度证券公司地方政府债券承销排行榜,上交所发布2020年二季度证券公司地方政府债券承销排行榜
2020-07-03,券商板块半日成交金额884亿元，上日全天为990亿元,券商板块半日成交金额884亿元，上日全天为990亿元
2020-07-06,牛市信号批量来，A股这波还能冲多高？,牛市信号批量来，A股这波还能冲多高？
2020-07-06,长江证券：当年累计新增借款超过上年末净资产百分之四十 大额借贷担保,长江证券：当年累计新增借款超过上年末净资产百分之四十 大额借贷担保
2020-07-06,涨停板解密：金融股掀涨停潮！（7月6日）,涨停板解密：金融股掀涨停潮！（7月6日）
2020-07-06,券商板块今日成交金额1516亿元，中信证券主力净流入金额达72亿元,券商板块今日成交金额1516亿元，中信证券主力净流入金额达72亿元
2020-07-06,券商板块半日成交金额1082.66亿元，已超7月2日全天,券商板块半日成交金额1082.66亿元，已超7月2日全天
2020-07-06,长江证券(000783.SZ)：当年累计新增借款超上年末净资产40% 大额借贷担保,长江证券(000783.SZ)：当年累计新增借款超上年末净资产40% 大额借贷担保
2020-07-07,A股大暴动！14年前研报竟预测到了，来看周期天王预言,A股大暴动！14年前研报竟预测到了，来看周期天王预言
2020-07-07,A股早报2020年7月7日星期二,A股早报2020年7月7日星期二
2020-07-07,券商板块午盘跌0.44%成交金额1096亿元，上日同期为1082亿元,券商板块午盘跌0.44%成交金额1096亿元，上日同期为1082亿元
2020-07-07,券商板块收跌2.3%成交金额1674亿元，中信证券主力净流出4亿元,券商板块收跌2.3%成交金额1674亿元，中信证券主力净流出4亿元
2020-07-07,动力电池王者归来，高光时刻小伙伴尽开颜,动力电池王者归来，高光时刻小伙伴尽开颜
2020-07-08,7月9日涨停板早知道：七大利好有望发酵,7月9日涨停板早知道：七大利好有望发酵
2020-07-08,7月8日晚间上市公司十大重磅公告,7月8日晚间上市公司十大重磅公告
2020-07-08,A股券商6月业绩大爆发，环比最高增幅超200倍,A股券商6月业绩大爆发，环比最高增幅超200倍
2020-07-08,长江证券：6月实现3.41亿元净利润,长江证券：6月实现3.41亿元净利润
2020-07-08,长江证券：母公司6月净利润环比增长2.3倍,长江证券：母公司6月净利润环比增长2.3倍
2020-07-08,券商板块收涨6.63%成交金额1664亿元，中信证券、中信建投尾盘炸板,券商板块收涨6.63%成交金额1664亿元，中信证券、中信建投尾盘炸板
2020-07-08,长江证券：母公司6月净利润3.41亿元,长江证券：母公司6月净利润3.41亿元
2020-07-08,长江证券：母公司6月份净利3.41亿元,长江证券：母公司6月份净利3.41亿元
2020-07-08,猪肉价格上演“V”字走势：猪肉股能否迎来“第二春”？,猪肉价格上演“V”字走势：猪肉股能否迎来“第二春”？
2020-07-08,券商板块午盘涨3.68%半日成交金额998亿元，较上日同期缩量百亿元,券商板块午盘涨3.68%半日成交金额998亿元，较上日同期缩量百亿元
2020-07-08,长江证券(000783.SZ)：6月母公司净利升147.59%至3.41亿元,长江证券(000783.SZ)：6月母公司净利升147.59%至3.41亿元
2020-07-08,晚间重要公告2020年7月8日星期三,晚间重要公告2020年7月8日星期三
2020-07-09,伟思医疗(688580.SH)：网上摇号中签号共13019个长江证券创新投资获配68.3466万股,伟思医疗(688580.SH)：网上摇号中签号共13019个长江证券创新投资获配68.3466万股
2020-07-09,券商板块午盘涨1.12%半日成交1088亿元，较上日同期增百亿元,券商板块午盘涨1.12%半日成交1088亿元，较上日同期增百亿元
2020-07-09,券商板块小涨成交1656亿元环比微减，光大证券成交额93亿元创历史新高,券商板块小涨成交1656亿元环比微减，光大证券成交额93亿元创历史新高
2020-07-10,券商板块午盘跌0.73%成交金额945亿元，中信证券主力净流出3.6亿元,券商板块午盘跌0.73%成交金额945亿元，中信证券主力净流出3.6亿元
2020-07-10,金价再创新高几无悬念！黄金资产迎高光时刻,金价再创新高几无悬念！黄金资产迎高光时刻
2020-07-10,7月10日深市创业板活跃股公开信息,7月10日深市创业板活跃股公开信息
2020-07-13,长江证券(000783.SZ)：宏泰集团减持494万股 其及中小金服合计持股降至4.9106% 减持股份,长江证券(000783.SZ)：宏泰集团减持494万股 其及中小金服合计持股降至4.9106% 减持股份
2020-07-13,7月13日深市创业板活跃股公开信息,7月13日深市创业板活跃股公开信息
2020-07-13,长江证券(000783.SZ)：发行面值总额不超150亿元公司债券获注册批复,长江证券(000783.SZ)：发行面值总额不超150亿元公司债券获注册批复
2020-07-14,券商板块半日跌0.03%，南京证券主力净流入额16.96亿元,券商板块半日跌0.03%，南京证券主力净流入额16.96亿元
2020-07-14,7月14日深市创业板活跃股公开信息,7月14日深市创业板活跃股公开信息
2020-07-15,武汉蓝电(830779.OC)拟创业板上市 正接受长江证券辅导,武汉蓝电(830779.OC)拟创业板上市 正接受长江证券辅导
2020-07-15,券商板块半日跌1.8%成交金额740亿元，越秀金控涨停获主力净流入0.7亿元,券商板块半日跌1.8%成交金额740亿元，越秀金控涨停获主力净流入0.7亿元
2020-07-15,券商板块今日跌2.87%，无一股收于涨停,券商板块今日跌2.87%，无一股收于涨停
2020-07-15,曹德云：“大资管”时代 将进一步推动保险和券商深度合作,曹德云：“大资管”时代 将进一步推动保险和券商深度合作
2020-07-16,券商板块收跌5.6%成交金额1273亿元，太平洋获主力净流入32.29亿元,券商板块收跌5.6%成交金额1273亿元，太平洋获主力净流入32.29亿元
2020-07-17,券商板块半日跌超3%，太平洋、光大证券、中信证券遭主力资金净卖出31亿元,券商板块半日跌超3%，太平洋、光大证券、中信证券遭主力资金净卖出31亿元
2020-07-17,券商板块今日缩量收跌3.07%，光大证券等4股跌停遭主力净卖出44亿元,券商板块今日缩量收跌3.07%，光大证券等4股跌停遭主力净卖出44亿元
2020-07-20,*ST秋林：被判决支付3500万元及利息等,*ST秋林：被判决支付3500万元及利息等
2020-07-20,上市券商144亿元分红已兑现，还有157多亿元红包“在路上”,上市券商144亿元分红已兑现，还有157多亿元红包“在路上”
2020-07-20,部分个股迎来机构组团调研,部分个股迎来机构组团调研
2020-07-20,A股午盘综述：上证指数大涨2.62%，逼近3300点,A股午盘综述：上证指数大涨2.62%，逼近3300点
2020-07-20,券商板块半日涨6.36%，方正证券、中信证券共获得主力净流入超12亿元,券商板块半日涨6.36%，方正证券、中信证券共获得主力净流入超12亿元
2020-07-20,券商板块今日收涨5.29%，中信证券主力资金净流入约5亿元,券商板块今日收涨5.29%，中信证券主力资金净流入约5亿元
2020-07-22,券商板块冲高回落收涨1.03%，第一创业主力净流入金额超19亿元,券商板块冲高回落收涨1.03%，第一创业主力净流入金额超19亿元
2020-07-23,基金2020Q2券商持仓分析：券商配置占比下滑至0.46% 低配比例继续扩大,基金2020Q2券商持仓分析：券商配置占比下滑至0.46% 低配比例继续扩大
2020-07-23,长江证券(000783.SZ)：新理益集团已增持1.01%公司股份,长江证券(000783.SZ)：新理益集团已增持1.01%公司股份
2020-07-23,热衷收藏的刘益谦出手“捡漏”：旗下新理益集团增持长江证券5563万股！,热衷收藏的刘益谦出手“捡漏”：旗下新理益集团增持长江证券5563万股！
2020-07-24,资本“狂人”刘益谦继续买买买，再次瞄准长江证券,资本“狂人”刘益谦继续买买买，再次瞄准长江证券
2020-07-24,刘益谦再度出手增持长江证券！持股比例增至19.28%,刘益谦再度出手增持长江证券！持股比例增至19.28%
2020-07-24,刘益谦再增持长江证券！持股已逼近20%,刘益谦再增持长江证券！持股已逼近20%
2020-07-24,"资本""狂人""刘益谦又出手了！","资本""狂人""刘益谦又出手了！"
2020-07-26,长江证券(000783.SZ)：拟公开发行不超50亿元公司债券,长江证券(000783.SZ)：拟公开发行不超50亿元公司债券
2020-07-27,通威股份市值突破千亿大关 乐山、云南高纯晶硅项目已启动,通威股份市值突破千亿大关 乐山、云南高纯晶硅项目已启动
2020-07-27,纷纷扩大产能，头部猪企尝试楼房养猪,纷纷扩大产能，头部猪企尝试楼房养猪
2020-07-27,银行行业周报：中小银行MPA考核或放松 信贷扩张可期,银行行业周报：中小银行MPA考核或放松 信贷扩张可期
2020-07-27,【资本力量】资本狂人捕捉牛市魅力长江证券再获刘益谦4亿增持,【资本力量】资本狂人捕捉牛市魅力长江证券再获刘益谦4亿增持
2020-07-28,精选层首日走势引券商反思，定价及承销能力成重点,精选层首日走势引券商反思，定价及承销能力成重点
2020-07-28,证监会对长江证券(000783.SZ)申请发行金融债券无异议,证监会对长江证券(000783.SZ)申请发行金融债券无异议
2020-07-28,长江证券：证监会对公司申请发行金融债券无异议,长江证券：证监会对公司申请发行金融债券无异议
2020-07-30,长江证券(000783.SZ)公开发行30亿元公司债券,长江证券(000783.SZ)公开发行30亿元公司债券
2020-07-30,大地熊龙虎榜：营业部净卖出3447.17万元,大地熊龙虎榜：营业部净卖出3447.17万元
2020-07-31,这些个股评级被机构“趁热”大举调高，或打开“上涨空间”,这些个股评级被机构“趁热”大举调高，或打开“上涨空间”
2020-07-31,长江证券发行30亿元公司债券 三峡财务获配2亿元,长江证券发行30亿元公司债券 三峡财务获配2亿元
2020-08-03,北斗概念领涨全市场，“北斗+”两大领域呼之欲出,北斗概念领涨全市场，“北斗+”两大领域呼之欲出
2020-08-03,中国证监会行政处罚决定书（贾志宏） 金融监管处罚,中国证监会行政处罚决定书（贾志宏） 金融监管处罚
2020-08-04,解盘：金融、医药强势，血液制品、数字货币、体外诊断领涨,解盘：金融、医药强势，血液制品、数字货币、体外诊断领涨
2020-08-05,长江证券(000783.SZ)：30亿元的“20长江04”将于8月6日在深交所上市,长江证券(000783.SZ)：30亿元的“20长江04”将于8月6日在深交所上市
2020-08-06,金融街下午茶2020年8月6日星期三,金融街下午茶2020年8月6日星期三
2020-08-06,次新股葫芦娃打开一字板，实力游资进驻,次新股葫芦娃打开一字板，实力游资进驻
2020-08-06,长江证券：母公司7月净利5.68亿元,长江证券：母公司7月净利5.68亿元
2020-08-06,长江证券(000783.SZ)：7月母公司净利升891.2%至5.68亿元,长江证券(000783.SZ)：7月母公司净利升891.2%至5.68亿元
2020-08-06,长江证券：7月份净利润5.68亿元环比增长67%,长江证券：7月份净利润5.68亿元环比增长67%
2020-08-07,券商7月业绩点评：盈利能力改善明显 但经纪业务驱动力变弱,券商7月业绩点评：盈利能力改善明显 但经纪业务驱动力变弱
2020-08-07,8月7日深市创业板活跃股公开信息,8月7日深市创业板活跃股公开信息
2020-08-07,斥资9亿，长江证券购置武汉新办公楼，上半年利润可覆盖买楼支出，去年来多家券商选择沪上置业,斥资9亿，长江证券购置武汉新办公楼，上半年利润可覆盖买楼支出，去年来多家券商选择沪上置业
2020-08-10,上市券商前7月成绩单揭榜：5家券商净利同比翻倍,上市券商前7月成绩单揭榜：5家券商净利同比翻倍
2020-08-10,上市券商前7月业绩：9家营收超百亿，5家净利翻番,上市券商前7月业绩：9家营收超百亿，5家净利翻番
2020-08-11,长江证券董事长李新华：弘扬行业文化打造公司特色以“忠诚”文化引领公司高质量发展,长江证券董事长李新华：弘扬行业文化打造公司特色以“忠诚”文化引领公司高质量发展
2020-08-11,上海证券交易所2020年08月11日主板交易信息,上海证券交易所2020年08月11日主板交易信息
2020-08-12,又见证券从业人员违规炒股 监管出手了！ 金融监管处罚,又见证券从业人员违规炒股 监管出手了！ 金融监管处罚
2020-08-13,李向群：精选层连通多层次市场 投资应立足长周期,李向群：精选层连通多层次市场 投资应立足长周期
2020-08-13,第一创业放量涨停，外资交投活跃,第一创业放量涨停，外资交投活跃
2020-08-14,长江证券一营业部前营销主管违规买卖股票亏118万 被罚8万元 金融监管处罚,长江证券一营业部前营销主管违规买卖股票亏118万 被罚8万元 金融监管处罚
2020-08-17,“8.18”理财节投教宣传三大特点浮现，一大痛点也需要思考如何破解！,“8.18”理财节投教宣传三大特点浮现，一大痛点也需要思考如何破解！
2020-08-17,资管新规整改方案来了！大券商积极备战公募牌照,资管新规整改方案来了！大券商积极备战公募牌照
2020-08-18,“一参一控”拟松绑，国泰君安资管抢跑申请公募牌照,“一参一控”拟松绑，国泰君安资管抢跑申请公募牌照
2020-08-18,内部联动打造企业服务平台,内部联动打造企业服务平台
2020-08-18,券商单项业务英雄榜出炉：中信建投投行第一，华泰资管业务第一,券商单项业务英雄榜出炉：中信建投投行第一，华泰资管业务第一
2020-08-21,长江资管旗下一货币基金清盘，公司唯一一只股票基金也面临清盘风险 基金清算,长江资管旗下一货币基金清盘，公司唯一一只股票基金也面临清盘风险 基金清算
2020-08-22,长江证券刘元瑞：买方投顾模式是财富管理转型的突破口,长江证券刘元瑞：买方投顾模式是财富管理转型的突破口
2020-08-22,金牛-长江偏股类FOF指数发布 为投资再添利器,金牛-长江偏股类FOF指数发布 为投资再添利器
2020-08-23,资管业大咖共聚一堂！大资管时代机遇何在？普惠金融怎么落地？他们这样说,资管业大咖共聚一堂！大资管时代机遇何在？普惠金融怎么落地？他们这样说
2020-08-25,电力板块业绩靓丽，中长期逻辑来袭,电力板块业绩靓丽，中长期逻辑来袭
2020-08-26,证监会公布2020年证券公司分类结果：15家券商获AA级,证监会公布2020年证券公司分类结果：15家券商获AA级
2020-08-26,券商座次大变：“优等生”队伍壮大，安信国金等6家新晋AA,券商座次大变：“优等生”队伍壮大，安信国金等6家新晋AA
2020-08-27,8月27日深市创业板活跃股公开信息,8月27日深市创业板活跃股公开信息
2020-08-28,长江证券：上半年净利润同比减少13.35% 盈利能力下降,长江证券：上半年净利润同比减少13.35% 盈利能力下降
2020-08-28,长江证券公布半年报 上半年净利减少13.35% 盈利能力下降,长江证券公布半年报 上半年净利减少13.35% 盈利能力下降
2020-08-28,长江证券上半年实现净利9.42亿元 同比下降13.35% 盈利能力下降,长江证券上半年实现净利9.42亿元 同比下降13.35% 盈利能力下降
2020-08-28,长江证券：上半年净利润9.42亿元同比下降13.35% 盈利能力下降,长江证券：上半年净利润9.42亿元同比下降13.35% 盈利能力下降
2020-08-28,长江证券：上半年实现营收33.29亿元 净利9.42亿元,长江证券：上半年实现营收33.29亿元 净利9.42亿元
2020-08-28,长江证券(000783.SZ)半年度净利润降13.35%至9.42亿元 盈利能力下降,长江证券(000783.SZ)半年度净利润降13.35%至9.42亿元 盈利能力下降
2020-08-30,2020年证券公司分类评价结果解析：分类评级整体向好 龙头优势显著,2020年证券公司分类评价结果解析：分类评级整体向好 龙头优势显著
2020-08-30,研究员转身去当副行长，还有哪些华丽转身？,研究员转身去当副行长，还有哪些华丽转身？
2020-08-30,又有“假理财”！券商员工联手农行支行领导骗取1000万拿去炒股 欺诈造假,又有“假理财”！券商员工联手农行支行领导骗取1000万拿去炒股 欺诈造假
2020-08-30,净赚726.97亿元！39家上市券商交出上半年成绩单,净赚726.97亿元！39家上市券商交出上半年成绩单
2020-08-31,又见千万级别诈骗大案！券商员工联手银行高管骗1000万 欺诈造假,又见千万级别诈骗大案！券商员工联手银行高管骗1000万 欺诈造假
2020-08-31,诈骗1100万！券商员工联手银行副行长卖假理财，炒股亏剩15万 欺诈造假,诈骗1100万！券商员工联手银行副行长卖假理财，炒股亏剩15万 欺诈造假
2020-08-31,券商员工联手银行副行长卖“假理财” 诈骗1100多万 拿700万炒股血亏仅剩15万 欺诈造假,券商员工联手银行副行长卖“假理财” 诈骗1100多万 拿700万炒股血亏仅剩15万 欺诈造假
2020-08-31,券业财富管理转型大比拼！这家黑马暴增11倍,券业财富管理转型大比拼！这家黑马暴增11倍
2020-09-01,券商研究排名出炉！前五格局稳，中小券商现黑马,券商研究排名出炉！前五格局稳，中小券商现黑马
2020-09-01,券商业绩期中考：太平洋证券净利降9成，华泰中信浙商人均薪酬超40万 盈利能力下降,券商业绩期中考：太平洋证券净利降9成，华泰中信浙商人均薪酬超40万 盈利能力下降
2020-09-01,虚构高息理财产品骗取千万资金炒股！农行支行领导与长江证券员工联手做局 欺诈造假,虚构高息理财产品骗取千万资金炒股！农行支行领导与长江证券员工联手做局 欺诈造假
2020-09-03,56亿公募基金分仓佣金江湖大变局：头部券商稳坐“白名单”，中小券商面临出局困境,56亿公募基金分仓佣金江湖大变局：头部券商稳坐“白名单”，中小券商面临出局困境
2020-09-03,上海证券交易所2020年09月03日主板交易信息,上海证券交易所2020年09月03日主板交易信息
2020-09-10,长江证券总裁刘元瑞：全面拥抱财富管理时代 研究的价值将贯穿期间,长江证券总裁刘元瑞：全面拥抱财富管理时代 研究的价值将贯穿期间
2020-09-11,A股30年里程碑：上市公司突破4000家,A股30年里程碑：上市公司突破4000家
2020-09-11,A股共发生86宗大宗交易成交18.11亿元（9月11日）,A股共发生86宗大宗交易成交18.11亿元（9月11日）
2020-09-11,长江股票指数正式发布，万得指数业务赋能机构研究转型,长江股票指数正式发布，万得指数业务赋能机构研究转型
2020-09-11,"长江证券现1笔大宗交易 共成交1,159.56万元","长江证券现1笔大宗交易 共成交1,159.56万元"
2020-09-12,七大券商秋季策略齐了，可以召唤涨停吗？调仓换股首选板块原来是它,七大券商秋季策略齐了，可以召唤涨停吗？调仓换股首选板块原来是它
2020-09-14,Wind与招商证券强强联手，开展研报战略合作,Wind与招商证券强强联手，开展研报战略合作
2020-09-14,9月14日深市创业板活跃股公开信息,9月14日深市创业板活跃股公开信息
2020-09-14,A股进入横盘整理期，警惕商誉股权质押双高股,A股进入横盘整理期，警惕商誉股权质押双高股
2020-09-15,长江证券(000783.SZ)：拟公开发行不超50亿元公司债券,长江证券(000783.SZ)：拟公开发行不超50亿元公司债券
2020-09-16,9月16日深市创业板活跃股公开信息,9月16日深市创业板活跃股公开信息
2020-09-17,中国平安现6笔大宗交易总成交金额1.10亿元,中国平安现6笔大宗交易总成交金额1.10亿元
2020-09-18,加码海外业务！中资券商为香港子公司“融资补血”,加码海外业务！中资券商为香港子公司“融资补血”
2020-09-18,长江证券(000783.SZ)：2020年公司债券(第二期)票面利率定为3.99%,长江证券(000783.SZ)：2020年公司债券(第二期)票面利率定为3.99%
2020-09-21,"盘中暴涨75%！""牛市旗手""情绪又被点燃，还有多少空间可以想象？多只券商股遭灵魂追问，并购大戏要上演？","盘中暴涨75%！""牛市旗手""情绪又被点燃，还有多少空间可以想象？多只券商股遭灵魂追问，并购大戏要上演？"
2020-09-22,长江证券(000783.SZ)成功发行42亿元公司债,长江证券(000783.SZ)成功发行42亿元公司债
2020-09-22,9月22日深市创业板活跃股公开信息,9月22日深市创业板活跃股公开信息
2020-09-22,长江证券与Wind开展独家研报合作,长江证券与Wind开展独家研报合作
2020-09-22,长江证券(000783.SZ)：完成发行42亿元公司债券,长江证券(000783.SZ)：完成发行42亿元公司债券
2020-09-22,[路演]“分清离浊、物尽其用” 上海凯鑫IPO路演9月22日成功举行,[路演]“分清离浊、物尽其用” 上海凯鑫IPO路演9月22日成功举行
2020-09-23,长江证券：有不法人员假冒公司高管进行非法证券活动 其他违规处罚,长江证券：有不法人员假冒公司高管进行非法证券活动 其他违规处罚
2020-09-24,中信建投携手Wind，开展独家研报合作,中信建投携手Wind，开展独家研报合作
2020-09-25,长江证券今日大宗交易成交31.90万股，成交价8.0元折价1.23%,长江证券今日大宗交易成交31.90万股，成交价8.0元折价1.23%
2020-09-25,游资情报｜“赵老哥”封板次新牛股遭砸盘；5机构席位出货唯一20%跌停股！,游资情报｜“赵老哥”封板次新牛股遭砸盘；5机构席位出货唯一20%跌停股！
2020-09-29,年内券商合并传闻四起：合并潮将至？分析称目前只会出现个案,年内券商合并传闻四起：合并潮将至？分析称目前只会出现个案
2020-10-12,【行情】证券板块异动拉升，国海证券涨超5％，长城证券、国信证券、招商证券、长江证券等跟涨,【行情】证券板块异动拉升，国海证券涨超5％，长城证券、国信证券、招商证券、长江证券等跟涨
2020-10-12,新三板督导券商挑选指南——献给所有新三板公司,新三板督导券商挑选指南——献给所有新三板公司
2020-10-14,长江证券：前三季度累计新增借款超过上年末净资产百分之六十 大额借贷担保,长江证券：前三季度累计新增借款超过上年末净资产百分之六十 大额借贷担保
2020-10-21,因员工“代客理财”，长江证券北京万柳东路证券营业部再收处罚 金融监管处罚,因员工“代客理财”，长江证券北京万柳东路证券营业部再收处罚 金融监管处罚
2020-10-21,长江证券某营业部遭责令改正 员工用办公设备代客下单,长江证券某营业部遭责令改正 员工用办公设备代客下单
2020-10-21,光慧科技年报违法虚假记载遭罚 主办券商为长江证券 欺诈造假,光慧科技年报违法虚假记载遭罚 主办券商为长江证券 欺诈造假
2020-10-23,长江证券北京一营业部员工长期代客理财下单 被责令改正,长江证券北京一营业部员工长期代客理财下单 被责令改正
2020-10-26,10月26日深市创业板活跃股公开信息,10月26日深市创业板活跃股公开信息
2020-10-27,券商股咋了？股东们减持欲望没了，多家“宣而不减”,券商股咋了？股东们减持欲望没了，多家“宣而不减”
2020-10-27,10月27日深市创业板活跃股公开信息,10月27日深市创业板活跃股公开信息
2020-10-28,方正证券携手Wind，开展研报合作,方正证券携手Wind，开展研报合作
2020-10-29,万星面业湖北食品抽检现不合格 主办券商为长江证券 产品问题,万星面业湖北食品抽检现不合格 主办券商为长江证券 产品问题
2020-10-30,长江证券：董事田泽新辞职 董监高成员变化,长江证券：董事田泽新辞职 董监高成员变化
2020-10-30,长江证券：关于公司董事辞职的公告 董监高成员变化,长江证券：关于公司董事辞职的公告 董监高成员变化
2020-10-30,60家手机产业链公司前三季度实现盈利,60家手机产业链公司前三季度实现盈利
2020-10-30,长江证券(000783.SZ)第三季度净利润升163.33%至9.9亿元,长江证券(000783.SZ)第三季度净利润升163.33%至9.9亿元
2020-10-30,长江证券：前三季度净利润同比增长32.06%,长江证券：前三季度净利润同比增长32.06%
2020-11-02,长江证券(000783)点评：3Q投行收入创新高 管理费率显著下降,长江证券(000783)点评：3Q投行收入创新高 管理费率显著下降
2020-11-02,【行情】券商股走势分化，次新股国联证券大跌9%、华泰证券、中银证券等跌1%，长江证券、中国银河、兴业证券涨3%,【行情】券商股走势分化，次新股国联证券大跌9%、华泰证券、中银证券等跌1%，长江证券、中国银河、兴业证券涨3%
2020-11-02,11月2日深市创业板活跃股公开信息,11月2日深市创业板活跃股公开信息
2020-11-02,长江证券前三季净利19亿元增32% 支付给职工现金19亿,长江证券前三季净利19亿元增32% 支付给职工现金19亿
2020-11-03,长江证券(000783.SZ)：拟公开发行不超40亿元公司债券,长江证券(000783.SZ)：拟公开发行不超40亿元公司债券
2020-11-03,21亿主力资金疯狂扫货，券商上涨暗含三大逻辑,21亿主力资金疯狂扫货，券商上涨暗含三大逻辑
2020-11-03,11月3日深市创业板活跃股公开信息,11月3日深市创业板活跃股公开信息
2020-11-03,A股大爆发！中金上市次日封住涨停,A股大爆发！中金上市次日封住涨停
2020-11-03,想抄明星基金经理“作业”，结果却亏大了！,想抄明星基金经理“作业”，结果却亏大了！
2020-11-03,中金公司A股大涨超6%提振券商板块，长江证券、招商证券跟涨,中金公司A股大涨超6%提振券商板块，长江证券、招商证券跟涨
2020-11-03,长江证券冲击涨停，券商板块继续拉升,长江证券冲击涨停，券商板块继续拉升
2020-11-04,A股融资融券日报：两融余额增加58.37亿元（11月3日）,A股融资融券日报：两融余额增加58.37亿元（11月3日）
2020-11-04,A股午盘综述：上证指数半日微升，蚂蚁金服指数跌超2%,A股午盘综述：上证指数半日微升，蚂蚁金服指数跌超2%
2020-11-04,A股收盘综述：上证指数缩量小涨，中国人寿、君正集团领跌蚂蚁金服概念板块,A股收盘综述：上证指数缩量小涨，中国人寿、君正集团领跌蚂蚁金服概念板块
2020-11-04,中国债券市场金融债发行日程一览(11月4日),中国债券市场金融债发行日程一览(11月4日)
2020-11-05,两家券商前10个月新增借款超过上年末净资产的80% 大额借贷担保,两家券商前10个月新增借款超过上年末净资产的80% 大额借贷担保
2020-11-05,长江证券(000783.SZ)：前10月累计新增借款超上年末净资产80% 大额借贷担保,长江证券(000783.SZ)：前10月累计新增借款超上年末净资产80% 大额借贷担保
2020-11-05,长江证券：累计新增借款占上年末净资产比例为80.20% 大额借贷担保,长江证券：累计新增借款占上年末净资产比例为80.20% 大额借贷担保
2020-11-05,长江证券(000783.SZ)累计新增借款225.77亿元 超过上年末净资产80% 大额借贷担保,长江证券(000783.SZ)累计新增借款225.77亿元 超过上年末净资产80% 大额借贷担保
2020-11-06,比亚迪市值突破5000亿大关，汽车“周边股”成大赢家,比亚迪市值突破5000亿大关，汽车“周边股”成大赢家
2020-11-06,长江证券(000783.SZ):2020年公司债券(第三期)票面利率为3.40%,长江证券(000783.SZ):2020年公司债券(第三期)票面利率为3.40%
2020-11-08,百家公司获机构调研：探寻A股四季度投资密码,百家公司获机构调研：探寻A股四季度投资密码
2020-11-09,苹果11月11日新品发布会，会有哪些额外惊喜？,苹果11月11日新品发布会，会有哪些额外惊喜？
2020-11-09,中金公司携手Wind，开展研报合作,中金公司携手Wind，开展研报合作
2020-11-09,长江证券(000783.SZ)：完成发行37亿元公司债券,长江证券(000783.SZ)：完成发行37亿元公司债券
2020-11-09,长江证券(000783.SZ)公司债券(第三期)最终发行数量为37亿元,长江证券(000783.SZ)公司债券(第三期)最终发行数量为37亿元
2020-11-10,11月10日深市创业板活跃股公开信息,11月10日深市创业板活跃股公开信息
2020-11-10,非银行业周报：靴子落地 腾飞在即,非银行业周报：靴子落地 腾飞在即
2020-11-11,A股融资融券日报：两融余额增加29.94亿元（11月10日）,A股融资融券日报：两融余额增加29.94亿元（11月10日）
2020-11-11,34只个股踏上“好钱程”：业绩超预期，中信、广发等券商再加一把火,34只个股踏上“好钱程”：业绩超预期，中信、广发等券商再加一把火
2020-11-12,A股融资融券日报：两融余额减少30.05亿元（11月11日）,A股融资融券日报：两融余额减少30.05亿元（11月11日）
2020-11-12,券商板块走强 长江证券涨逾4%,券商板块走强 长江证券涨逾4%
2020-11-13,你的股票赚了吗，2020年最具投资价值的光伏股票有哪些？,你的股票赚了吗，2020年最具投资价值的光伏股票有哪些？
2020-11-13,长江证券今日大宗交易成交827.55万股，成交价8.37元溢价0.0%,长江证券今日大宗交易成交827.55万股，成交价8.37元溢价0.0%
2020-11-13,A股共发生127宗大宗交易成交32.19亿元（11月13日）,A股共发生127宗大宗交易成交32.19亿元（11月13日）
2020-11-14,四季度以来机构密集调研，13家苹果产业链公司,四季度以来机构密集调研，13家苹果产业链公司
2020-11-15,车险要变天？特斯拉亲自下场，保险费率还低30%？国内新能源车保险产品也在路上了,车险要变天？特斯拉亲自下场，保险费率还低30%？国内新能源车保险产品也在路上了
2020-11-16,11月16日深市创业板活跃股公开信息,11月16日深市创业板活跃股公开信息
2020-11-17,解禁来了、质押解了，A股今年减持也多了,解禁来了、质押解了，A股今年减持也多了
2020-11-18,“17成龙03”持有人会议12月7日召开，审议10项议案,“17成龙03”持有人会议12月7日召开，审议10项议案
2020-11-23,11月23日深市创业板活跃股公开信息,11月23日深市创业板活跃股公开信息
2020-11-24,德恒上海律师事务所关于上海新致软件股份有限公司 首次公开发行股票并在科创板上市战略投资者核查事项的法律意见,德恒上海律师事务所关于上海新致软件股份有限公司 首次公开发行股票并在科创板上市战略投资者核查事项的法律意见
2020-11-24,11月24日深市创业板活跃股公开信息,11月24日深市创业板活跃股公开信息
2020-11-26,降低股权质押负债规模 聚龙股份控股股东将出让4%股份 减持股份,降低股权质押负债规模 聚龙股份控股股东将出让4%股份 减持股份
2020-11-26,多只疑似庄股集体闪崩，3招教您远离“恶庄”,多只疑似庄股集体闪崩，3招教您远离“恶庄”
2020-11-26,聚龙股份(300202.SZ)：控股股东拟协议转让4.0036%股份予李晓东 减持股份,聚龙股份(300202.SZ)：控股股东拟协议转让4.0036%股份予李晓东 减持股份
2020-11-26,聚龙股份(300202.SZ)控股股东安吉聚龙拟以2.2亿元向李晓东转让所持公司2200万股股份 减持股份,聚龙股份(300202.SZ)控股股东安吉聚龙拟以2.2亿元向李晓东转让所持公司2200万股股份 减持股份
2020-11-27,聚龙股份：控股股东安吉聚龙拟转让2200万股以缓释风险 减持股份,聚龙股份：控股股东安吉聚龙拟转让2200万股以缓释风险 减持股份
2020-11-27,券商股持续上涨，国盛金控两连板,券商股持续上涨，国盛金控两连板
2020-11-27,【行情】券商股持续走高，国盛金控涨停，长江证券、浙商证券等多股走强,【行情】券商股持续走高，国盛金控涨停，长江证券、浙商证券等多股走强
2020-11-27,A股收盘综述：上证指数涨逾1%，上证50创2008年3月以来新高,A股收盘综述：上证指数涨逾1%，上证50创2008年3月以来新高
2020-11-27,金融板块尾盘放量拉升，银行ETF收创上市新高,金融板块尾盘放量拉升，银行ETF收创上市新高
2020-11-27,聚龙股份控股股东安吉聚龙拟协议转让4%股份，用于降低股权质押负债规模 减持股份,聚龙股份控股股东安吉聚龙拟协议转让4%股份，用于降低股权质押负债规模 减持股份
2020-11-30,长江证券、浙商证券先后翻绿，券商板块继续收窄涨幅,长江证券、浙商证券先后翻绿，券商板块继续收窄涨幅
2020-12-01,皖仪科技(688600.SH)于长江证券开立理财产品专用结算账户,皖仪科技(688600.SH)于长江证券开立理财产品专用结算账户
2020-12-02,海通证券、申万宏源证券等获得“金牛投资银行团队奖”,海通证券、申万宏源证券等获得“金牛投资银行团队奖”
2020-12-02,长江证券、中泰证券等获得“金牛成长证券公司奖”,长江证券、中泰证券等获得“金牛成长证券公司奖”
2020-12-04,长江证券再度携手Wind，开展深度合作,长江证券再度携手Wind，开展深度合作
2020-12-07,盛新锂能现32笔大宗交易总成交金额2.31亿元,盛新锂能现32笔大宗交易总成交金额2.31亿元
2020-12-08,12月8日深市创业板活跃股公开信息,12月8日深市创业板活跃股公开信息
2020-12-08,近5日机构首次关注16只个股并给予评级,近5日机构首次关注16只个股并给予评级
2020-12-08,A股午盘综述：上证指数午盘跌0.25%，家用电器、金融板块走低,A股午盘综述：上证指数午盘跌0.25%，家用电器、金融板块走低
2020-12-09,保力新：股东郭鸿宝拟被动减持不超过1.02%公司股份 拟减持股份,保力新：股东郭鸿宝拟被动减持不超过1.02%公司股份 拟减持股份
2020-12-09,ST智信股违规原董事长收警示函 主办券商为长江证券 金融监管处罚,ST智信股违规原董事长收警示函 主办券商为长江证券 金融监管处罚
2020-12-09,保力新(300116.SZ)主要股东郭鸿宝拟被动减持合计不超过4368万股 拟减持股份,保力新(300116.SZ)主要股东郭鸿宝拟被动减持合计不超过4368万股 拟减持股份
2020-12-10,多股大跌！大连圣亚连续5跌停，游资撬板“被埋”,多股大跌！大连圣亚连续5跌停，游资撬板“被埋”
2020-12-10,深度*行业*证券行业券商板块11月数据点评：市场回暖股承增长 转板上市办法出台,深度*行业*证券行业券商板块11月数据点评：市场回暖股承增长 转板上市办法出台
2020-12-10,韦尔股份发生31笔大宗交易合计成交3.18亿元,韦尔股份发生31笔大宗交易合计成交3.18亿元
2020-12-11,长江证券保荐有限公司：“17成龙03”持有人会议审议通过8项议案,长江证券保荐有限公司：“17成龙03”持有人会议审议通过8项议案
2020-12-13,晚间公告热点追踪：8.2万股东今夜难眠 又有上市公司出“大事”,晚间公告热点追踪：8.2万股东今夜难眠 又有上市公司出“大事”
2020-12-13,晚间公告｜12月13日这些公告有看头,晚间公告｜12月13日这些公告有看头
2020-12-13,晚间重要公告2020年12月13日星期日,晚间重要公告2020年12月13日星期日
2020-12-13,金融开放战火已起：又见外资机构和券商请战 21万亿市场如何瓜分,金融开放战火已起：又见外资机构和券商请战 21万亿市场如何瓜分
2020-12-13,长江证券：公司证券投资基金托管资格已获核准,长江证券：公司证券投资基金托管资格已获核准
2020-12-13,21万亿市场如何瓜分？外资基金托管“狼来了”,21万亿市场如何瓜分？外资基金托管“狼来了”
2020-12-14,上市公司正负面新闻2020年12月14日星期一,上市公司正负面新闻2020年12月14日星期一
2020-12-14,股海导航 12月14日沪深股市公告提示,股海导航 12月14日沪深股市公告提示
2020-12-14,每日理财观察：证监会开展上市公司治理专项行动,每日理财观察：证监会开展上市公司治理专项行动
2020-12-14,最新公告透露利好 10只个股有望爆发（12.14）,最新公告透露利好 10只个股有望爆发（12.14）
2020-12-14,三年近万人“消失”，券业生态重塑？一岗位增幅迅猛,三年近万人“消失”，券业生态重塑？一岗位增幅迅猛
2020-12-14,仁东控股连续14个跌停后收关注函 两家机构“精准逃顶”，也有游资撬板“被埋” 连续下跌,仁东控股连续14个跌停后收关注函 两家机构“精准逃顶”，也有游资撬板“被埋” 连续下跌
2020-12-15,长江证券股份有限公司关于警惕不法机构及人员假冒本公司及员工名义进行虚假宣传活动的声明,长江证券股份有限公司关于警惕不法机构及人员假冒本公司及员工名义进行虚假宣传活动的声明
2020-12-15,楼市通网资金遭占用等违规收警示函 主办券商长江证券 资金问题,楼市通网资金遭占用等违规收警示函 主办券商长江证券 资金问题
2020-12-15,每日理财观察：沪深交易所启动新一轮退市制度改革,每日理财观察：沪深交易所启动新一轮退市制度改革
2020-12-15,3分钟，A股“最强绞肉机”变“印钞机”！19亿抄底资金浮盈4亿，谁在买？,3分钟，A股“最强绞肉机”变“印钞机”！19亿抄底资金浮盈4亿，谁在买？
2020-12-15,券商抢滩基金托管市场，25家已获“入场券”,券商抢滩基金托管市场，25家已获“入场券”
2020-12-16,华创证券携手Wind，开展研报合作,华创证券携手Wind，开展研报合作
2020-12-16,新财富评选，大机构轮流入榜,新财富评选，大机构轮流入榜
2020-12-17,明年A股谁会唱主角？该买什么，怎么买？有秘诀,明年A股谁会唱主角？该买什么，怎么买？有秘诀
2020-12-17,长江证券(000783.SZ)第一大股东新理益集团解除质押1.8亿股,长江证券(000783.SZ)第一大股东新理益集团解除质押1.8亿股
2020-12-18,@33万证券从业者，新的考察方式来了！不当言论将被调查,@33万证券从业者，新的考察方式来了！不当言论将被调查
2020-12-24,“17成龙01”持有人会议将于12月29日召开，审议授权委托债券受托管理人对发行人立即提起诉讼等议案,“17成龙01”持有人会议将于12月29日召开，审议授权委托债券受托管理人对发行人立即提起诉讼等议案
2020-12-24,基会 | 天弘基金推出新基杨超“一拖十二” 任职3只基金业绩“告负”,基会 | 天弘基金推出新基杨超“一拖十二” 任职3只基金业绩“告负”
2020-12-25,A股融资融券日报：两融余额增加15.42亿元（ 12月24日）,A股融资融券日报：两融余额增加15.42亿元（ 12月24日）
2020-12-25,A股收官战打响！“翻倍基”超过50只，2021年该怎么投,A股收官战打响！“翻倍基”超过50只，2021年该怎么投
2020-12-27,集齐了！20家券商年度策划报告来袭，A股牛年金股若隐若现,集齐了！20家券商年度策划报告来袭，A股牛年金股若隐若现
2020-12-30,中证协公布2020年度证券公司从事上市公司并购重组财务顾问执业能力专业评价结果,中证协公布2020年度证券公司从事上市公司并购重组财务顾问执业能力专业评价结果
2020-12-30,17家券商评价遭下调，这家券商连升两级！,17家券商评价遭下调，这家券商连升两级！
2020-12-30,天风证券携手Wind，开展研报合作,天风证券携手Wind，开展研报合作
2020-12-31,内蒙古证监局：方华利用未公开信息炒股，罚3年市场禁入,内蒙古证监局：方华利用未公开信息炒股，罚3年市场禁入
2021-01-04,长江证券(000783.SZ)：2020年第四季度“长证转债”转股数量为3.52万股,长江证券(000783.SZ)：2020年第四季度“长证转债”转股数量为3.52万股
2021-01-05,A股开年动力足，券商挖掘金股忙,A股开年动力足，券商挖掘金股忙
2021-01-05,1月5日深市创业板活跃股公开信息,1月5日深市创业板活跃股公开信息
2021-01-05,长江证券(000783.SZ)：拟公开发行不超41亿元公司债券,长江证券(000783.SZ)：拟公开发行不超41亿元公司债券
2021-01-06,中国债券市场金融债发行日程一览(1月6日),中国债券市场金融债发行日程一览(1月6日)
2021-01-07,【行情】证券板块尾盘拉升，西部证券直线封板，中银证券、兴业证券、长江证券等跟涨,【行情】证券板块尾盘拉升，西部证券直线封板，中银证券、兴业证券、长江证券等跟涨
2021-01-08,明星分析师都去哪了？券商研究所5年离职数据大解剖,明星分析师都去哪了？券商研究所5年离职数据大解剖
2021-01-11,长江证券(000783.SZ)成功发行41亿元公司债券,长江证券(000783.SZ)成功发行41亿元公司债券
2021-01-13,双雄爆发！200亿资金抢筹，券商给出2021百亿盈利预测,双雄爆发！200亿资金抢筹，券商给出2021百亿盈利预测
2021-01-13,A股融资融券日报：两融余额增加108.41亿元（1月12日）,A股融资融券日报：两融余额增加108.41亿元（1月12日）
2021-01-14,淡化短期择时，较长封闭期基金密集发行,淡化短期择时，较长封闭期基金密集发行
2021-01-15,5000亿MLF刚来，降准呼声又起！机构看好这些板块,5000亿MLF刚来，降准呼声又起！机构看好这些板块
2021-01-15,长江证券今日大宗交易成交31.90万股，成交价7.48元折价9.44%,长江证券今日大宗交易成交31.90万股，成交价7.48元折价9.44%
2021-01-17,下周操盘攻略：年报披露工作将拉开序幕，解禁市值升至2400亿元,下周操盘攻略：年报披露工作将拉开序幕，解禁市值升至2400亿元
2021-01-18,汇聚沪港深互联网龙头，工银瑞信互联网50ETF牛年盛大首发,汇聚沪港深互联网龙头，工银瑞信互联网50ETF牛年盛大首发
2021-01-18,长江证券(000783.SZ)：41亿元的公司债券“21长江01”将于1月19日在深交所上市,长江证券(000783.SZ)：41亿元的公司债券“21长江01”将于1月19日在深交所上市
2021-01-18,六家券商获准开展非金融企业债务融资工具主承销业务,六家券商获准开展非金融企业债务融资工具主承销业务
2021-01-19,8年来首次扩容！券业再迎利好，释放什么信号,8年来首次扩容！券业再迎利好，释放什么信号
2021-01-19,长江证券：警惕不法机构假冒公司及子公司名义进行虚假宣传活动,长江证券：警惕不法机构假冒公司及子公司名义进行虚假宣传活动
2021-01-19,韦尔股份现9笔大宗交易均为折价成交,韦尔股份现9笔大宗交易均为折价成交
2021-01-20,解码四大央行的2020，欧美日扩张出“两个美联储”,解码四大央行的2020，欧美日扩张出“两个美联储”
2021-01-20,半导体基金王者归来霸屏收益榜，白酒、新能源说拜拜？,半导体基金王者归来霸屏收益榜，白酒、新能源说拜拜？
2021-01-22,长江证券(000783.SZ):杨星辞去监事职务 董监高成员变化,长江证券(000783.SZ):杨星辞去监事职务 董监高成员变化
2021-01-22,晚间重要公告2021年1月22日星期五,晚间重要公告2021年1月22日星期五
2021-01-22,长江证券(000783.SZ)业绩快报：2020年度净利润升25.09%至20.84亿元,长江证券(000783.SZ)业绩快报：2020年度净利润升25.09%至20.84亿元
2021-01-22,长江证券：公司监事辞职 董监高成员变化,长江证券：公司监事辞职 董监高成员变化
2021-01-22,长江证券：2020年度计提各项资产减值准备共计4.68亿元 资产异常,长江证券：2020年度计提各项资产减值准备共计4.68亿元 资产异常
2021-01-22,债市分析 | 12月企业债利率上行，低级别主体增加；四川省发行维持高位,债市分析 | 12月企业债利率上行，低级别主体增加；四川省发行维持高位
2021-01-22,长江证券：2020年净利润20.84亿元，同比增长25.09%,长江证券：2020年净利润20.84亿元，同比增长25.09%
2021-01-22,1月22日深市创业板活跃股公开信息,1月22日深市创业板活跃股公开信息
2021-01-23,"果然是“肥年”！券商整体业绩大增，中信净赚150亿！计提减值成行业""一致动作""","果然是“肥年”！券商整体业绩大增，中信净赚150亿！计提减值成行业""一致动作"""
2021-01-23,上市公司正负面新闻2021年1月23日星期六,上市公司正负面新闻2021年1月23日星期六
2021-01-23,“券商一哥”中信证券“失速”，中信建投证券加速追赶,“券商一哥”中信证券“失速”，中信建投证券加速追赶
2021-01-23,23家券商业绩抢先看！中信净赚150亿，两位数增幅仍几乎垫底！,23家券商业绩抢先看！中信净赚150亿，两位数增幅仍几乎垫底！
2021-01-24,中央释放重磅信号，3.2万亿旗手遭资金鄙视，还有机会吗？,中央释放重磅信号，3.2万亿旗手遭资金鄙视，还有机会吗？
2021-01-25,63家公司业绩快报抢先看,63家公司业绩快报抢先看
2021-01-25,深华发Ａ跌停 长江证券国元证券招商证券香港持股,深华发Ａ跌停 长江证券国元证券招商证券香港持股
2021-01-25,海欣股份(600851.SH)：拟将部分长江证券股份用于参与转融通证券出借业务,海欣股份(600851.SH)：拟将部分长江证券股份用于参与转融通证券出借业务
2021-01-25,长江证券去年净利21亿计提减值准备4.7亿 股价跌1.5% 资产异常,长江证券去年净利21亿计提减值准备4.7亿 股价跌1.5% 资产异常
2021-01-25,券商行业周报(2021年第三期)：非银支付加强监管 数字化或带动业绩增长,券商行业周报(2021年第三期)：非银支付加强监管 数字化或带动业绩增长
2021-01-26,长江证券：若春节返乡减少，建筑业与制造业生产或受提振,长江证券：若春节返乡减少，建筑业与制造业生产或受提振
2021-01-27,多券商牛市下频提大额减值调查：疑遇丰收年“财务洗澡” 标准不一或成监管难题 其他违规处罚,多券商牛市下频提大额减值调查：疑遇丰收年“财务洗澡” 标准不一或成监管难题 其他违规处罚
2021-01-28,上市券商2020年业绩“预告”： 已有12家净利润超10亿元，中信证券达149亿元,上市券商2020年业绩“预告”： 已有12家净利润超10亿元，中信证券达149亿元
2021-01-28,9家券商计提减值超115亿，股质业务仍是最大风险,9家券商计提减值超115亿，股质业务仍是最大风险
2021-01-28,1月28日深市创业板活跃股公开信息,1月28日深市创业板活跃股公开信息
2021-01-29,淮北矿业跌8% 一周内长江证券等多家券商研报喊买入,淮北矿业跌8% 一周内长江证券等多家券商研报喊买入
2021-01-29,券业大年遭爆雷风险蚕食，全行业资产损失将超200亿元,券业大年遭爆雷风险蚕食，全行业资产损失将超200亿元
2021-01-29,90家A股公司交出“成绩单”，37家营收净利双位数增长,90家A股公司交出“成绩单”，37家营收净利双位数增长
2021-01-30,泓德基金管理有限公司 关于旗下部分基金参与长江证券股份有限公司费率优惠活动的公告,泓德基金管理有限公司 关于旗下部分基金参与长江证券股份有限公司费率优惠活动的公告
2021-01-30,24家上市券商计提减值218亿元，股票质押风险缓释,24家上市券商计提减值218亿元，股票质押风险缓释
2021-02-01,徐工机械放量涨停，机构买入近8000万元,徐工机械放量涨停，机构买入近8000万元
2021-02-01,传音控股跌9% 长江证券申银万国今日刚喊买入,传音控股跌9% 长江证券申银万国今日刚喊买入
2021-02-02,Wind医药：每日行业动态（2021-02-02）,Wind医药：每日行业动态（2021-02-02）
2021-02-05,A股融资融券日报：两融余额减少103.37亿元（2月4日）,A股融资融券日报：两融余额减少103.37亿元（2月4日）
2021-02-05,立讯精密实控人71亿巨额“套现”背后：扩张再加速,立讯精密实控人71亿巨额“套现”背后：扩张再加速
2021-02-08,摒弃“重业务不重技术”，券商数字化转型提速,摒弃“重业务不重技术”，券商数字化转型提速
2021-02-08,A股融资融券日报：两融余额减少113.4亿元（2月5日）,A股融资融券日报：两融余额减少113.4亿元（2月5日）
2021-02-08,年报透露机构最新持仓，社保和险资共同现身3家公司,年报透露机构最新持仓，社保和险资共同现身3家公司
2021-02-09,变脸的东方日升，失效的投行中介？,变脸的东方日升，失效的投行中介？
2021-02-09,A股融资融券日报：两融余额减少23.79亿元（2月8日）,A股融资融券日报：两融余额减少23.79亿元（2月8日）
2021-02-10,A股融资融券日报：两融余额增加34.45亿元（2月9日）,A股融资融券日报：两融余额增加34.45亿元（2月9日）
2021-02-10,2大消息引爆白酒股,2大消息引爆白酒股
2021-02-12,基金经理还有1万亿子弹没打，哪里将成蓄水池？,基金经理还有1万亿子弹没打，哪里将成蓄水池？
2021-02-14,腾讯金融云业绩翻倍，谁在做贡献？券商、银行、保险抢滩线上服务，数字化转型提速,腾讯金融云业绩翻倍，谁在做贡献？券商、银行、保险抢滩线上服务，数字化转型提速
2021-02-18,黄燕铭等人集体发声，8大头部研究所前瞻牛年路径,黄燕铭等人集体发声，8大头部研究所前瞻牛年路径
2021-02-19,养殖板块表现强势，养殖ETF将开启认购,养殖板块表现强势，养殖ETF将开启认购
2021-02-22,阳光电源跌18% 上海证券西部证券长江证券月初唱多,阳光电源跌18% 上海证券西部证券长江证券月初唱多
2021-02-22,私募大咖新产品遭疯抢，多家百亿私募封盘谢客，什么信号？,私募大咖新产品遭疯抢，多家百亿私募封盘谢客，什么信号？
2021-02-22,海通证券携手Wind，开展研报合作,海通证券携手Wind，开展研报合作
2021-02-22,隆基股份跌近7% 长江证券开源证券唱多后遭遇连跌 连续下跌,隆基股份跌近7% 长江证券开源证券唱多后遭遇连跌 连续下跌
2021-02-23,赣锋锂业跌7.3% 长江证券中信证券中金公司高点唱多,赣锋锂业跌7.3% 长江证券中信证券中金公司高点唱多
2021-02-23,公私募基金产品限购持续加码,公私募基金产品限购持续加码
2021-02-26,赣锋锂业节后市值蒸发471亿 长江证券中信证券唱多囧 连续下跌,赣锋锂业节后市值蒸发471亿 长江证券中信证券唱多囧 连续下跌
2021-03-01,指数降温热情未退，1月超200万投资者跑步入场,指数降温热情未退，1月超200万投资者跑步入场
2021-03-01,2月券商金股收益排名大洗牌，“抱团股”、港股成拖累,2月券商金股收益排名大洗牌，“抱团股”、港股成拖累
2021-03-01,新增投资者11个月超百万！机构账户却下滑，什么信号,新增投资者11个月超百万！机构账户却下滑，什么信号
2021-03-01,顺周期关注度提升，机构称3月基本面修复趋势延续,顺周期关注度提升，机构称3月基本面修复趋势延续
2021-03-01,中信证券跌近6% 近2日申银万国长江证券喊买话音未落,中信证券跌近6% 近2日申银万国长江证券喊买话音未落
2021-03-02,寒锐钴业跌7.64% 元月华安证券长江证券研报唱多,寒锐钴业跌7.64% 元月华安证券长江证券研报唱多
2021-03-02,保费收入有望实现“全年红”，投行建议积极增配保险股,保费收入有望实现“全年红”，投行建议积极增配保险股
2021-03-02,A股融资融券日报：两融余额增加77.25亿元（3月1日）,A股融资融券日报：两融余额增加77.25亿元（3月1日）
2021-03-02,回天新材：股东赵勇刚、刘鹏解除质押190万股,回天新材：股东赵勇刚、刘鹏解除质押190万股
2021-03-03,一财首席调研：货币政策维持稳定中性，3月信心指数为51.14,一财首席调研：货币政策维持稳定中性，3月信心指数为51.14
2021-03-04,券商大幅计提凸显重资本业务风险,券商大幅计提凸显重资本业务风险
2021-03-04,赣锋锂业跌9.72% 长江证券中信证券中金公司高点唱多,赣锋锂业跌9.72% 长江证券中信证券中金公司高点唱多
2021-03-04,阳光电源跌15% 高点上海证券西部证券长江证券喊买,阳光电源跌15% 高点上海证券西部证券长江证券喊买
2021-03-04,隆基股份跌9.17% 上月初海通证券长江证券研报唱多,隆基股份跌9.17% 上月初海通证券长江证券研报唱多
2021-03-08,赣锋锂业跌8.55% 长江证券中信证券中金公司高点唱多,赣锋锂业跌8.55% 长江证券中信证券中金公司高点唱多
2021-03-08,长江证券(000783.SZ)将于3月12日支付“长证转债”第三年利息 1元/张,长江证券(000783.SZ)将于3月12日支付“长证转债”第三年利息 1元/张
2021-03-08,倒春寒！IPO现场检查大显威力，创业板重灾区,倒春寒！IPO现场检查大显威力，创业板重灾区
2021-03-08,阳光电源跌8.55% 高点上海证券西部证券长江证券喊买,阳光电源跌8.55% 高点上海证券西部证券长江证券喊买
2021-03-09,A股融资融券日报：两融余额减少48.58亿元（3月8日）,A股融资融券日报：两融余额减少48.58亿元（3月8日）
2021-03-09,光大证券再度飙升，提振券商板块,光大证券再度飙升，提振券商板块
2021-03-09,ST华盛控未按期披露财报收警示函 主办券商长江证券 延期披露,ST华盛控未按期披露财报收警示函 主办券商长江证券 延期披露
2021-03-11,A股融资融券日报：两融余额减少53.4亿元（3月10日）,A股融资融券日报：两融余额减少53.4亿元（3月10日）
2021-03-12,长江证券(000783.SZ)第一大股东新理益集团质押7150万股,长江证券(000783.SZ)第一大股东新理益集团质押7150万股
2021-03-12,“资本大鳄”刘益谦旗下公司所持7150万股长江证券股份质押，意欲何为？,“资本大鳄”刘益谦旗下公司所持7150万股长江证券股份质押，意欲何为？
2021-03-15,牧原股份财务造假？券商急帮辟谣 欺诈造假,牧原股份财务造假？券商急帮辟谣 欺诈造假
2021-03-15,"长江证券7150万股质押 刘益谦6年前100亿""拦腰""浮亏 亏损","长江证券7150万股质押 刘益谦6年前100亿""拦腰""浮亏 亏损"
2021-03-15,质押长江证券、“追保”天茂集团！“资本大鳄”刘益谦最近有点“烦”,质押长江证券、“追保”天茂集团！“资本大鳄”刘益谦最近有点“烦”
2021-03-15,阳光电源跌9.41% 高点上海证券西部证券长江证券喊买,阳光电源跌9.41% 高点上海证券西部证券长江证券喊买
2021-03-16,4000亿“猪茅”牧原股份遭质疑昨大跌 连续下跌,4000亿“猪茅”牧原股份遭质疑昨大跌 连续下跌
2021-03-16,【券业场】长江证券刘元瑞：脉冲式政策引发A股波动，最艰难的时光已逝，慢牛格局渐行渐近！,【券业场】长江证券刘元瑞：脉冲式政策引发A股波动，最艰难的时光已逝，慢牛格局渐行渐近！
2021-03-16,“猪茅”牧原股份被大V质疑造假 数百亿被盖猪舍的人赚走了？ 欺诈造假,“猪茅”牧原股份被大V质疑造假 数百亿被盖猪舍的人赚走了？ 欺诈造假
2021-03-16,长江证券(000783.SZ)拟使用4亿元可转债闲置募集资金暂时补充流动资金,长江证券(000783.SZ)拟使用4亿元可转债闲置募集资金暂时补充流动资金
2021-03-16,A股融资融券日报：两融余额增加12.42亿元（3月15日）,A股融资融券日报：两融余额增加12.42亿元（3月15日）
2021-03-16,长江证券(000783.SZ)：拟不超10亿元在武汉投资自建或购置办公楼,长江证券(000783.SZ)：拟不超10亿元在武汉投资自建或购置办公楼
2021-03-17,逢低入市！又一券商加入购房团，长江证券拟10亿资金买楼,逢低入市！又一券商加入购房团，长江证券拟10亿资金买楼
2021-03-18,财务总监竟另有其人？绿田机械和长江证券虚假信息披露一路狂奔 欺诈造假,财务总监竟另有其人？绿田机械和长江证券虚假信息披露一路狂奔 欺诈造假
2021-03-18,长江证券一营业部负责人收警示函 违规开展股票融资 金融监管处罚,长江证券一营业部负责人收警示函 违规开展股票融资 金融监管处罚
2021-03-18,长江证券最新入列二级交易商，全部场外期权交易商增至41家，规模前五券商保持业务高集中度,长江证券最新入列二级交易商，全部场外期权交易商增至41家，规模前五券商保持业务高集中度
2021-03-19,阳光电源跌8.88% 高点上海证券西部证券长江证券喊买,阳光电源跌8.88% 高点上海证券西部证券长江证券喊买
2021-03-21,非银金融行业：保险负债端短暂低迷不改中期改善趋势,非银金融行业：保险负债端短暂低迷不改中期改善趋势
2021-03-22,弘侨生物虚增收入实控人收警示函 主办券商为长江证券 金融监管处罚,弘侨生物虚增收入实控人收警示函 主办券商为长江证券 金融监管处罚
2021-03-22,A股融资融券日报：两融余额减少44.55亿元（3月19日）,A股融资融券日报：两融余额减少44.55亿元（3月19日）
2021-03-24,券商进入高性价比，再融资、收购绯闻满天飞,券商进入高性价比，再融资、收购绯闻满天飞
2021-03-25,发改委主持召开一季度经济形势分析专家座谈会,发改委主持召开一季度经济形势分析专家座谈会
2021-03-26,多家券商抛出置业方案 年内2家上市券商合计斥资37亿元“买楼”,多家券商抛出置业方案 年内2家上市券商合计斥资37亿元“买楼”
2021-03-26,多家券商抛出置业方案，年内2家上市券商合计斥资37亿元“买楼”,多家券商抛出置业方案，年内2家上市券商合计斥资37亿元“买楼”
2021-03-26,服装行业本来趋势是什么？洋品牌渐趋没落，国产品牌逐渐壮大,服装行业本来趋势是什么？洋品牌渐趋没落，国产品牌逐渐壮大
2021-03-29,A股调整中，越来越多的人开始用这个永不过时的策略,A股调整中，越来越多的人开始用这个永不过时的策略
2021-04-01,券商分仓佣金去年大增八成！中信、长江、中信建投蝉联三甲,券商分仓佣金去年大增八成！中信、长江、中信建投蝉联三甲
2021-04-01,长江证券(000783.SZ)第一季度“长证转债”转股31.61万股,长江证券(000783.SZ)第一季度“长证转债”转股31.61万股
2021-04-01,年度券商佣金收入排行揭晓：中信成业内首家10亿佣金机构，长江、中信建投、广发、招商紧紧相随,年度券商佣金收入排行揭晓：中信成业内首家10亿佣金机构，长江、中信建投、广发、招商紧紧相随
2021-04-02,中交集团与长江证券签署战略合作协议,中交集团与长江证券签署战略合作协议
2021-04-02,青岛新三板公司三祥科技启动上市辅导,青岛新三板公司三祥科技启动上市辅导
2021-04-02,爆表“研值”已成券商核心竞争力，4家券商“基金分仓”佣金同比增超900%,爆表“研值”已成券商核心竞争力，4家券商“基金分仓”佣金同比增超900%
2021-04-02,公募基金风生水起，券商分仓佣金水涨船高,公募基金风生水起，券商分仓佣金水涨船高
2021-04-02,每日理财观察：欧佩克+宣布逐步增产，原油价格为何上涨？,每日理财观察：欧佩克+宣布逐步增产，原油价格为何上涨？
2021-04-06,前3月33家券商分41.9亿保荐承销费 海通中信华泰领先,前3月33家券商分41.9亿保荐承销费 海通中信华泰领先
2021-04-06,A股融资融券日报：两融余额减少17.35亿元（4月2日）,A股融资融券日报：两融余额减少17.35亿元（4月2日）
2021-04-07,金科股份年报解读：规模上升、杠杆下降，董事会带来管理红利,金科股份年报解读：规模上升、杠杆下降，董事会带来管理红利
2021-04-07,投行格局生变？海通赶超中信夺冠，一季度落袋6.4亿,投行格局生变？海通赶超中信夺冠，一季度落袋6.4亿
2021-04-09,A股融资融券日报：两融余额增加19.55亿元（4月8日）,A股融资融券日报：两融余额增加19.55亿元（4月8日）
2021-04-09,股权激励赋能可持续发展 宇通彰显高成长性,股权激励赋能可持续发展 宇通彰显高成长性
2021-04-10,长江证券首席经济学家伍戈：短端利率目前易上难下,长江证券首席经济学家伍戈：短端利率目前易上难下
2021-04-11,2021长江证券湖南辖区春季投资策略峰会在长举行,2021长江证券湖南辖区春季投资策略峰会在长举行
2021-04-11,陆家嘴财经早餐2021年4月11日星期日,陆家嘴财经早餐2021年4月11日星期日
2021-04-11,五道口关键词：政策转弯之年、结构转换时期、9%经济增速,五道口关键词：政策转弯之年、结构转换时期、9%经济增速
2021-04-12,经济座谈会重磅定调！看十大关键表述,经济座谈会重磅定调！看十大关键表述
2021-04-13,新重疾险短期销售承压，长期市场需求依然巨大,新重疾险短期销售承压，长期市场需求依然巨大
2021-04-13,央行重磅数据公布前，A股抱团股齐跌、北上资金却在加仓,央行重磅数据公布前，A股抱团股齐跌、北上资金却在加仓
2021-04-13,-严牌股份涉嫌利益输送，虚造业绩竞标遭起诉，保荐机构长江证券是否履职不到位？【投资策略】 诉讼纠纷,-严牌股份涉嫌利益输送，虚造业绩竞标遭起诉，保荐机构长江证券是否履职不到位？【投资策略】 诉讼纠纷
2021-04-14,长江证券：2021年第一季度净利润7.01亿元 同比增64.53%,长江证券：2021年第一季度净利润7.01亿元 同比增64.53%
2021-04-14,上市券商一季度业绩分化大：浙商、长江迎“开门红”，这家券商却业绩下降94%！ 盈利能力下降,上市券商一季度业绩分化大：浙商、长江迎“开门红”，这家券商却业绩下降94%！ 盈利能力下降
2021-04-14,长江证券：一季度预计净利润同比增长64.53%左右,长江证券：一季度预计净利润同比增长64.53%左右
2021-04-14,长江证券(000783.SZ)一季度净利润预增64.53%,长江证券(000783.SZ)一季度净利润预增64.53%
2021-04-14,长江证券(000783.SZ)预计一季度归母净利同比增长64.53%,长江证券(000783.SZ)预计一季度归母净利同比增长64.53%
2021-04-14,长江证券：预计一季度净利润70142.49万元，同比增长64.53%,长江证券：预计一季度净利润70142.49万元，同比增长64.53%
2021-04-14,晚间重要公告2021年4月14日星期三,晚间重要公告2021年4月14日星期三
2021-04-15,第一创业预告业绩滑坡，长江证券却大增65%，为何一季报冰火两重天？ 盈利能力下降,第一创业预告业绩滑坡，长江证券却大增65%，为何一季报冰火两重天？ 盈利能力下降
2021-04-15,A股融资融券日报：两融余额增加21.59亿元（4月14日）,A股融资融券日报：两融余额增加21.59亿元（4月14日）
2021-04-15,上市券商一季报业绩抢先看 分化明显、归母净利润增幅涨跌不一,上市券商一季报业绩抢先看 分化明显、归母净利润增幅涨跌不一
2021-04-16,行情颠簸券商一季度业绩分化，投资成“胜负手”,行情颠簸券商一季度业绩分化，投资成“胜负手”
2021-04-16,一季度上市券商业绩表现两极分化第一创业预降94%长江证券盈利7亿 盈利能力下降,一季度上市券商业绩表现两极分化第一创业预降94%长江证券盈利7亿 盈利能力下降
2021-04-16,6家券商披露一季报预告：第一创业投资失利 长江、浙商大赚,6家券商披露一季报预告：第一创业投资失利 长江、浙商大赚
2021-04-16,这一脚踩空快哭晕了！刚刚大笔抛出，10天股价翻倍,这一脚踩空快哭晕了！刚刚大笔抛出，10天股价翻倍
2021-04-21,再现高管变更 长江资管总经理离职 母公司长江证券资产托管部总经理杨忠接任 董监高成员变化,再现高管变更 长江资管总经理离职 母公司长江证券资产托管部总经理杨忠接任 董监高成员变化
2021-04-21,长江证券资管唐吟波因个人原因离任 新任杨忠为总经理 董监高成员变化,长江证券资管唐吟波因个人原因离任 新任杨忠为总经理 董监高成员变化
2021-04-21,不见齐刷刷高增长，部分券商一季度业绩“踩刹车”，年后行情给券业出难题,不见齐刷刷高增长，部分券商一季度业绩“踩刹车”，年后行情给券业出难题
2021-04-21,上市券商一季度业绩分化 盈利能力下降,上市券商一季度业绩分化 盈利能力下降
2021-04-22,什么情况？这家券商资管高管接连变更，总经理刚刚离职，有何新打法？ 董监高成员变化,什么情况？这家券商资管高管接连变更，总经理刚刚离职，有何新打法？ 董监高成员变化
2021-04-23,A股融资融券日报：两融余额增加33.53亿元（4月22日）,A股融资融券日报：两融余额增加33.53亿元（4月22日）
2021-04-25,第六届中国金长江私募基金发展高峰论坛举行，高毅邓晓峰、景林蒋彤等在武汉发声：今年A股整体将维持震荡 市场需达到好的平衡点,第六届中国金长江私募基金发展高峰论坛举行，高毅邓晓峰、景林蒋彤等在武汉发声：今年A股整体将维持震荡 市场需达到好的平衡点
2021-04-26,高毅资产邓晓峰：未来的超额收益不在头部的100家公司里,高毅资产邓晓峰：未来的超额收益不在头部的100家公司里
2021-04-27,从平安方正到天风长江，券商“联姻”又是空穴来风？,从平安方正到天风长江，券商“联姻”又是空穴来风？
2021-04-27,合资分手多年后 法国巴黎银行申请在华设立控股券商,合资分手多年后 法国巴黎银行申请在华设立控股券商
2021-04-28,刚刚！钢铁进出口关税调整正式落地，有何影响？,刚刚！钢铁进出口关税调整正式落地，有何影响？
2021-04-28,一欧洲巨头正在申请证券公司，外资怎么做才能在中国适应水土？,一欧洲巨头正在申请证券公司，外资怎么做才能在中国适应水土？
2021-04-28,券商“联姻”风声再起，证券业新一波并购浪汹涌来袭,券商“联姻”风声再起，证券业新一波并购浪汹涌来袭
2021-04-29,长江证券：一季度净利润同比增长64.53%,长江证券：一季度净利润同比增长64.53%
2021-04-29,长江证券：2020年净利润同比增长25.19%,长江证券：2020年净利润同比增长25.19%
2021-04-29,长江证券(000783.SZ)年度归母净利同比增25.19%至20.85亿元 拟10派1.50元,长江证券(000783.SZ)年度归母净利同比增25.19%至20.85亿元 拟10派1.50元
2021-04-29,长江证券：2020年度净利润约20.85亿元,长江证券：2020年度净利润约20.85亿元
2021-04-29,长江证券：高级管理人员辞职 董监高成员变化,长江证券：高级管理人员辞职 董监高成员变化
2021-04-29,长江证券：2021年第一季度净利润约7.01亿元，同比增加64.53%,长江证券：2021年第一季度净利润约7.01亿元，同比增加64.53%
2021-04-29,长江证券(000783.SZ)一季度归母净利润同比增长64.53%至7.01亿元,长江证券(000783.SZ)一季度归母净利润同比增长64.53%至7.01亿元
2021-04-29,长江证券(000783.SZ)2020年净利升25.19%至20.85亿元拟10派1.5元,长江证券(000783.SZ)2020年净利升25.19%至20.85亿元拟10派1.5元
2021-04-29,长江证券：副总裁、首席金融科技官韦洪波辞职 董监高成员变化,长江证券：副总裁、首席金融科技官韦洪波辞职 董监高成员变化
2021-04-29,券商“联姻”风声再起，证券业新一波并购浪汹涌来袭,券商“联姻”风声再起，证券业新一波并购浪汹涌来袭
2021-04-30,长江证券股份有限公司2021第一季度报告,长江证券股份有限公司2021第一季度报告
2021-05-03,牛市旗手的盛宴要来？券业两大利好预期仍在酝酿,牛市旗手的盛宴要来？券业两大利好预期仍在酝酿
2021-05-05,【国君非银】业绩分化加剧，客需和财富管理是亮点——券商行业2021年一季报业绩综述,【国君非银】业绩分化加剧，客需和财富管理是亮点——券商行业2021年一季报业绩综述
2021-05-06,【中证协优秀课题】证券公司关键岗位核心人员道德风险防范研究,【中证协优秀课题】证券公司关键岗位核心人员道德风险防范研究
2021-05-07,券商行业周报：一季报业绩显着提升 头部券商表现亮眼,券商行业周报：一季报业绩显着提升 头部券商表现亮眼
2021-05-07,快讯 | 长江证券“80后”总裁刘元瑞出任长信基金董事长,快讯 | 长江证券“80后”总裁刘元瑞出任长信基金董事长
2021-05-10,刘元瑞出任长信基金董事长 曾是知名钢铁分析师,刘元瑞出任长信基金董事长 曾是知名钢铁分析师
2021-05-10,公募基金“跳槽季”：前海开源基金3名经理卸任，申万菱信10年老将任琳娜离职 基金经理离任,公募基金“跳槽季”：前海开源基金3名经理卸任，申万菱信10年老将任琳娜离职 基金经理离任
2021-05-10,刘元瑞出任长信基金董事长！80后成基金圈主力军，多位顶流基金经理崛起,刘元瑞出任长信基金董事长！80后成基金圈主力军，多位顶流基金经理崛起
2021-05-11,财通基金祭出新混基 杨烨超名下一只基金业绩疲软不敌同类平均 盈利能力下降,财通基金祭出新混基 杨烨超名下一只基金业绩疲软不敌同类平均 盈利能力下降
2021-05-11,长江证券：2021年累计新增借款占上年末净资产的21.04% 大额借贷担保,长江证券：2021年累计新增借款占上年末净资产的21.04% 大额借贷担保
2021-05-11,长江证券(000783.SZ)前4月累计新增借款超上年末净资产20% 大额借贷担保,长江证券(000783.SZ)前4月累计新增借款超上年末净资产20% 大额借贷担保
2021-05-11,刘元瑞掌舵长信基金“80后”崛起公募圈,刘元瑞掌舵长信基金“80后”崛起公募圈
2021-05-11,刘元瑞出任长信基金董事长！多位顶流基金经理崛起,刘元瑞出任长信基金董事长！多位顶流基金经理崛起
2021-05-12,长信基金董事长敲定 曾为长江证券80后钢铁分析师,长信基金董事长敲定 曾为长江证券80后钢铁分析师
2021-05-13,江丽芬先后操纵“姚记扑克”等8只股票股价 被没收违法所得并罚1511.86万 其他违规处罚,江丽芬先后操纵“姚记扑克”等8只股票股价 被没收违法所得并罚1511.86万 其他违规处罚
2021-05-13,[路演]节能泵行业的领跑者 泰福泵业IPO路演5月12日成功举行,[路演]节能泵行业的领跑者 泰福泵业IPO路演5月12日成功举行
2021-05-14,长江证券大涨,长江证券大涨
2021-05-17,蓝光控股股东质押超3400万股 累计质押所持股份51.94%,蓝光控股股东质押超3400万股 累计质押所持股份51.94%
2021-05-18,长江证券：高度重视客户投诉处理工作,长江证券：高度重视客户投诉处理工作
2021-05-18,A股融资融券日报：两融余额增加66.37亿元（5月17日）,A股融资融券日报：两融余额增加66.37亿元（5月17日）
2021-05-18,“叶飞概念股”再度重挫，市值已蒸发170亿，80万股民受灾 连续下跌,“叶飞概念股”再度重挫，市值已蒸发170亿，80万股民受灾 连续下跌
2021-05-20,诺德基金迷你基金扎堆，罗世锋过往业绩喜忧参半,诺德基金迷你基金扎堆，罗世锋过往业绩喜忧参半
2021-05-20,贵州百灵：控股股东拟协议转让2.84%公司股份 减持股份,贵州百灵：控股股东拟协议转让2.84%公司股份 减持股份
2021-05-21,长江证券2020年过会项目26家创新高,长江证券2020年过会项目26家创新高
2021-05-23,【华创非银】非银金融周观察：板块整体调整，继续关注优质个股,【华创非银】非银金融周观察：板块整体调整，继续关注优质个股
2021-05-24,长江证券：非银高质量发展成为常态，长期仍具较好配置价值,长江证券：非银高质量发展成为常态，长期仍具较好配置价值
2021-05-24,频现股权出售拍卖，民营银行迎加速洗牌期 资产异常,频现股权出售拍卖，民营银行迎加速洗牌期 资产异常
2021-05-24,近日我司公司债券推介,近日我司公司债券推介
2021-05-24,中国证监会行政处罚决定书（上海玖歌投资管理有限公司、魏晓微） 金融监管处罚,中国证监会行政处罚决定书（上海玖歌投资管理有限公司、魏晓微） 金融监管处罚
2021-05-25,金博会号外|长江证券刘元瑞：武汉建设区域金融中心大有可为,金博会号外|长江证券刘元瑞：武汉建设区域金融中心大有可为
2021-05-25,长江资本大会武汉举行：资本市场赋能湖北高质量发展,长江资本大会武汉举行：资本市场赋能湖北高质量发展
2021-05-26,20cm大号涨停！炒错了？公司：我没参加鸿蒙系统建设,20cm大号涨停！炒错了？公司：我没参加鸿蒙系统建设
2021-05-26,资本力量汇聚江城 共话湖北高质量发展新征程,资本力量汇聚江城 共话湖北高质量发展新征程
2021-05-26,资本力量助推高质量发展 湖北将打造资本要素聚集新高地,资本力量助推高质量发展 湖北将打造资本要素聚集新高地
2021-05-26,诺德基金罗世锋“独角戏”背后是迷你基金扎堆 “顶梁柱”过往业绩喜忧参半！,诺德基金罗世锋“独角戏”背后是迷你基金扎堆 “顶梁柱”过往业绩喜忧参半！
2021-05-26,李新华：长江证券要为长江经济带发展贡献力量,李新华：长江证券要为长江经济带发展贡献力量
2021-05-26,长江证券：全资子公司长江资管拥有公募基金和资产管理等相关牌照，能够发行公募REITs,长江证券：全资子公司长江资管拥有公募基金和资产管理等相关牌照，能够发行公募REITs
2021-05-26,疫后重振资本市场“湖北样板”，多家金融机构助力,疫后重振资本市场“湖北样板”，多家金融机构助力
2021-05-27,湖北省副省长赵海山：继续实施上市的计划 进一步加快培育更多的上市企业,湖北省副省长赵海山：继续实施上市的计划 进一步加快培育更多的上市企业
2021-05-27,前脚调研后脚涨停！这家公司和机构说了些啥？,前脚调研后脚涨停！这家公司和机构说了些啥？
2021-06-01,长江证券：金龙鱼(300999.SZ) 原材料采购优势+渠道优势，维持“买入”评级,长江证券：金龙鱼(300999.SZ) 原材料采购优势+渠道优势，维持“买入”评级
2021-06-02,长江证券(000783.SZ)：拟公开发行不超30亿元次级债券,长江证券(000783.SZ)：拟公开发行不超30亿元次级债券
2021-06-02,前5月IPO募资超1800亿元，券商承销“进账”94亿元,前5月IPO募资超1800亿元，券商承销“进账”94亿元
2021-06-03,中国债券市场金融债发行日程一览(6月3日),中国债券市场金融债发行日程一览(6月3日)
2021-06-04,IPO业务大增，今年以来券商首发承销进账近百亿元,IPO业务大增，今年以来券商首发承销进账近百亿元
2021-06-04,【*长江证券公募次级债】不超30亿/3年（3.5-4.5%）/AAA/AA+/深交所/不免税/今日簿记,【*长江证券公募次级债】不超30亿/3年（3.5-4.5%）/AAA/AA+/深交所/不免税/今日簿记
2021-06-04,长信基金子公司踩雷*ST斯太 持股8年间市值最高蒸发94% 重仓股票异动,长信基金子公司踩雷*ST斯太 持股8年间市值最高蒸发94% 重仓股票异动
2021-06-08,湖北上市公司快讯：长江证券拟发次级债，东风汽车5月产销快报出炉,湖北上市公司快讯：长江证券拟发次级债，东风汽车5月产销快报出炉
2021-06-08,长江证券(000783.SZ)完成发行“2021年面向专业投资者公开发行次级债券(第一期)”,长江证券(000783.SZ)完成发行“2021年面向专业投资者公开发行次级债券(第一期)”
2021-06-08,长江证券(000783.SZ)：完成公开发行30亿元次级债券,长江证券(000783.SZ)：完成公开发行30亿元次级债券
2021-06-09,又一“股神”？业绩预增32倍获6连板，原因出人意料,又一“股神”？业绩预增32倍获6连板，原因出人意料
2021-06-09,注册制下券商投行业务大比拼：IPO项目翻倍，马太效应加剧,注册制下券商投行业务大比拼：IPO项目翻倍，马太效应加剧
2021-06-10,A股融资融券日报：两融余额减少2.5亿元（6月9日）,A股融资融券日报：两融余额减少2.5亿元（6月9日）
2021-06-11,A股融资融券日报：两融余额增加67.59亿元（6月10日）,A股融资融券日报：两融余额增加67.59亿元（6月10日）
2021-06-11,融资客青睐6股，江河集团买入占比高达42.58%,融资客青睐6股，江河集团买入占比高达42.58%
2021-06-11,长江证券(000783.SZ)：“21长江C1”将于6月15日起在深交所上市,长江证券(000783.SZ)：“21长江C1”将于6月15日起在深交所上市
2021-06-12,拉锯3600点：震荡会否长久？,拉锯3600点：震荡会否长久？
2021-06-15,新总裁韦洪波上任：高管大调整 华林证券要下一盘什么棋,新总裁韦洪波上任：高管大调整 华林证券要下一盘什么棋
2021-06-15,新沃基金祭出新混基 陈乐华同日起任两只同类产品基金经理,新沃基金祭出新混基 陈乐华同日起任两只同类产品基金经理
2021-06-15,华林证券总裁换帅，原长江证券副总裁接任，竞跑 “互联网券商” 董监高成员变化,华林证券总裁换帅，原长江证券副总裁接任，竞跑 “互联网券商” 董监高成员变化
2021-06-15,长江证券（上海）发售新股基 秦昌贵曹紫建同一任职产品近期涨幅不佳,长江证券（上海）发售新股基 秦昌贵曹紫建同一任职产品近期涨幅不佳
2021-06-15,韦洪波加盟华林证券任职总裁，互联网券商之路将全面开启？,韦洪波加盟华林证券任职总裁，互联网券商之路将全面开启？
2021-06-15,发力金融科技？韦洪波出任华林证券总裁,发力金融科技？韦洪波出任华林证券总裁
2021-06-15,华林证券“换帅”：长江证券原副总裁韦洪波担任总裁 董监高成员变化,华林证券“换帅”：长江证券原副总裁韦洪波担任总裁 董监高成员变化
2021-06-15,华林证券两大事件：董事长林立首次致信员工敲定发展头等大事，韦洪波正式出任总裁，创新谋变成主基调,华林证券两大事件：董事长林立首次致信员工敲定发展头等大事，韦洪波正式出任总裁，创新谋变成主基调
2021-06-15,韦洪波出任华林证券总裁 互联网战略裂变应时而动,韦洪波出任华林证券总裁 互联网战略裂变应时而动
2021-06-16,惊人巧合？华林证券的“双喜盈门”,惊人巧合？华林证券的“双喜盈门”
2021-06-16,中小券商华林证券“换帅”，互联网转型能否突围？,中小券商华林证券“换帅”，互联网转型能否突围？
2021-06-16,金融科技，能解“家族式”券商华林证券之困么？,金融科技，能解“家族式”券商华林证券之困么？
2021-06-16,又一家券商“换帅”了。6月15日晚间，华林证券公告，原长江证券副总裁韦洪波将担任公司新总裁，原总裁朱文瑾将担任公司副董事长。,又一家券商“换帅”了。6月15日晚间，华林证券公告，原长江证券副总裁韦洪波将担任公司新总裁，原总裁朱文瑾将担任公司副董事长。
2021-06-16,华林证券“换帅”：剑指互联网战略转型,华林证券“换帅”：剑指互联网战略转型
2021-06-16,上市险企5月保费“歉收”，下半年业绩改善指望谁？,上市险企5月保费“歉收”，下半年业绩改善指望谁？
2021-06-16,长江证券：商家持续首选在淘系运营，阿里中长期稳健成长可期,长江证券：商家持续首选在淘系运营，阿里中长期稳健成长可期
2021-06-17,2021中国（武汉）创投峰会五大亮点先睹为快,2021中国（武汉）创投峰会五大亮点先睹为快
2021-06-17,宁德时代天量解禁：17倍浮盈诱惑强烈，机构分歧大,宁德时代天量解禁：17倍浮盈诱惑强烈，机构分歧大
2021-06-17,券商眼中的618战事：商家首选在淘系运营，看好阿里长期价值,券商眼中的618战事：商家首选在淘系运营，看好阿里长期价值
2021-06-17,多家券商报告关注618，天猫仍是品牌运营主阵地,多家券商报告关注618，天猫仍是品牌运营主阵地
2021-06-17,中小券商排兵布阵进行时：年内10家上市券商高管团队迎新,中小券商排兵布阵进行时：年内10家上市券商高管团队迎新
2021-06-18,汉邦高科(300449.SZ)实控人王立群被动减持63.81万股 减持股份,汉邦高科(300449.SZ)实控人王立群被动减持63.81万股 减持股份
2021-06-19,保险股持续“寻底”，业绩转机或在下半年,保险股持续“寻底”，业绩转机或在下半年
2021-06-21,汉邦高科：实控人王立群可能被动减持1% 减持股份,汉邦高科：实控人王立群可能被动减持1% 减持股份
2021-06-21,汉邦高科(300449.SZ)：长江证券可能会继续对王立群进行违约处置 违约失信,汉邦高科(300449.SZ)：长江证券可能会继续对王立群进行违约处置 违约失信
2021-06-21,A股融资融券日报：两融余额增加35.34亿元（6月18日）,A股融资融券日报：两融余额增加35.34亿元（6月18日）
2021-06-21,近日我司公司债券推介,近日我司公司债券推介
2021-06-22,汉邦高科(300449.SZ)实控人王立群所质押1304.1万股或将被动减持,汉邦高科(300449.SZ)实控人王立群所质押1304.1万股或将被动减持
2021-06-24,券业一哥欲设资管子公司，未来还要发力公募，影响有多大,券业一哥欲设资管子公司，未来还要发力公募，影响有多大
2021-06-24,[路演]长江证券：始终以良好的业绩和稳定的分红回报广大投资者,[路演]长江证券：始终以良好的业绩和稳定的分红回报广大投资者
2021-06-24,[路演]长江证券：子公司长江期货力争做好集团综合金融服务布局中的一环,[路演]长江证券：子公司长江期货力争做好集团综合金融服务布局中的一环
2021-06-24,清科创业举办2021中国（武汉）创投峰会，唤起新格局下的经济增长力,清科创业举办2021中国（武汉）创投峰会，唤起新格局下的经济增长力
2021-06-24,货币退潮：祸兮？福兮？,货币退潮：祸兮？福兮？
2021-06-26,【安信计算机】计算机板块中报业绩前瞻,【安信计算机】计算机板块中报业绩前瞻
2021-06-28,近日我司公司债券推介,近日我司公司债券推介
2021-06-29,长江证券包承超：下半年从赚估值转向赚盈利,长江证券包承超：下半年从赚估值转向赚盈利
2021-06-29,英唐智控：控股股东《股份转让协议》终止暨拟减持不超过4.24%公司股份 拟减持股份,英唐智控：控股股东《股份转让协议》终止暨拟减持不超过4.24%公司股份 拟减持股份
2021-06-29,66家公司提供超29万就业岗位！武汉人才磁场效应显现,66家公司提供超29万就业岗位！武汉人才磁场效应显现
2021-06-30,齐聚资本力量，2021中国（武汉）创投峰会唤起新格局下的经济增长力,齐聚资本力量，2021中国（武汉）创投峰会唤起新格局下的经济增长力
2021-07-01,长江证券：“长证转债”第二季度转股2594股,长江证券：“长证转债”第二季度转股2594股
2021-07-01,保力新(300116.SZ)主要股东郭鸿宝所持637.95万股将被动减持 减持股份,保力新(300116.SZ)主要股东郭鸿宝所持637.95万股将被动减持 减持股份
2021-07-01,保力新(300116.SZ)：郭鸿宝拟继续被动减持不超637.9475万股 拟减持股份,保力新(300116.SZ)：郭鸿宝拟继续被动减持不超637.9475万股 拟减持股份
2021-07-01,上半年券商资管权益类基金平均收益6%，长江证券资管成立不到3个月的新品成最大黑马全靠这一招！,上半年券商资管权益类基金平均收益6%，长江证券资管成立不到3个月的新品成最大黑马全靠这一招！
2021-07-02,前6月86家企业登陆科创板 79家选标准一5家选标准四,前6月86家企业登陆科创板 79家选标准一5家选标准四
2021-07-03,投资者灵魂拷问：花10亿元买楼能带来多少利润？为何股价一直低于增发价？这家券商回应了,投资者灵魂拷问：花10亿元买楼能带来多少利润？为何股价一直低于增发价？这家券商回应了
2021-07-03,投资者灵魂拷问：花10亿元买楼能带来多少利润？为何股价一直低于增发价？长江证券回应了,投资者灵魂拷问：花10亿元买楼能带来多少利润？为何股价一直低于增发价？长江证券回应了
2021-07-05,长江证券：预计上半年净利润同比增长40%-60%,长江证券：预计上半年净利润同比增长40%-60%
2021-07-05,长江证券(000783.SZ)半年度净利润预增40%-60%,长江证券(000783.SZ)半年度净利润预增40%-60%
2021-07-05,荣大科技等19家企业“中签”IPO现场检查，国金证券占4单,荣大科技等19家企业“中签”IPO现场检查，国金证券占4单
2021-07-05,近日我司公司债券推介,近日我司公司债券推介
2021-07-06,13家“牛市旗手”上半年业绩预喜 龙头股净利大增但股价下跌 还值得买入吗？,13家“牛市旗手”上半年业绩预喜 龙头股净利大增但股价下跌 还值得买入吗？
2021-07-06,伍戈：成本冲击与经济趋势,伍戈：成本冲击与经济趋势
2021-07-06,长江证券：累计新增借款占上年末净资产比例为38.15% 大额借贷担保,长江证券：累计新增借款占上年末净资产比例为38.15% 大额借贷担保
2021-07-06,长江证券股份有限公司 2021年半年度业绩预告,长江证券股份有限公司 2021年半年度业绩预告
2021-07-06,长江证券发布半年度业绩预告 净利润同比增长40%-60%,长江证券发布半年度业绩预告 净利润同比增长40%-60%
2021-07-06,长江证券(000783.SZ)拟公开发行不超20亿元次级债券,长江证券(000783.SZ)拟公开发行不超20亿元次级债券
2021-07-07,13家券商上半年业绩预喜,13家券商上半年业绩预喜
2021-07-07,【长江研究·早间播报】建材/轻工/农业/电子(20210707）,【长江研究·早间播报】建材/轻工/农业/电子(20210707）
2021-07-07,中国债券市场金融债发行日程一览(7月7日),中国债券市场金融债发行日程一览(7月7日)
2021-07-07,债市风云|机构关注上海电气调查通知书 长江证券新增借款超百亿 大额借贷担保,债市风云|机构关注上海电气调查通知书 长江证券新增借款超百亿 大额借贷担保
2021-07-07,17家券商上半年业绩预告出炉：中信证券预盈超百亿，太平洋无法预测,17家券商上半年业绩预告出炉：中信证券预盈超百亿，太平洋无法预测
2021-07-07,关于南方誉隆一年持有期混合型证券投资基金2021年非港股通交易日申购安排的公告,关于南方誉隆一年持有期混合型证券投资基金2021年非港股通交易日申购安排的公告
2021-07-08,【*长江证券公募次级债（第二期）】20亿，3年（21长江C2，149546，3.4-4.2%），AAA/AA+，今日簿记。,【*长江证券公募次级债（第二期）】20亿，3年（21长江C2，149546，3.4-4.2%），AAA/AA+，今日簿记。
2021-07-08,【长江研究·早间播报】宏观/家电/通信/电子(20210708）,【长江研究·早间播报】宏观/家电/通信/电子(20210708）
2021-07-08,长江沪深300指数增强增聘基金经理秦昌贵,长江沪深300指数增强增聘基金经理秦昌贵
2021-07-08,长江证券(000783.SZ)：拟以9亿元购买泛海创业中心大厦物业,长江证券(000783.SZ)：拟以9亿元购买泛海创业中心大厦物业
2021-07-11,小事记 | 长江证券购买泛海创业中心大厦 财信发展收购财信智服,小事记 | 长江证券购买泛海创业中心大厦 财信发展收购财信智服
2021-07-11,长江证券购买泛海创业中心大厦 总价款9亿元,长江证券购买泛海创业中心大厦 总价款9亿元
2021-07-11,长江证券(000783.SZ)出资9亿元购置总部办公楼,长江证券(000783.SZ)出资9亿元购置总部办公楼
2021-07-11,斥资9亿，长江证券购置武汉新办公楼，上半年利润可覆盖买楼支出，去年来多家券商选择沪上置业,斥资9亿，长江证券购置武汉新办公楼，上半年利润可覆盖买楼支出，去年来多家券商选择沪上置业
2021-07-12,卢志强广撒“朋友圈”，泛海持续去地产化,卢志强广撒“朋友圈”，泛海持续去地产化
2021-07-12,长江证券：将“长证转债”转股价格由7.28元/股下修至7.13元/股,长江证券：将“长证转债”转股价格由7.28元/股下修至7.13元/股
2021-07-12,长江证券(000783.SZ)：2020年度权益分派10派1.5元股权登记日7月19日,长江证券(000783.SZ)：2020年度权益分派10派1.5元股权登记日7月19日
2021-07-12,长江证券(000783.SZ)：完成公开发行20亿元次级债券,长江证券(000783.SZ)：完成公开发行20亿元次级债券
2021-07-12,7月12日深市创业板活跃股公开信息,7月12日深市创业板活跃股公开信息
2021-07-12,长江证券斥资9亿元购置新办公楼 上半年净利润预计为13.18亿元至15.07亿元,长江证券斥资9亿元购置新办公楼 上半年净利润预计为13.18亿元至15.07亿元
2021-07-12,长江证券(000783.SZ)每10股派1.5元,长江证券(000783.SZ)每10股派1.5元
2021-07-13,长江证券9亿买楼落地 泛海系稍解燃眉之急,长江证券9亿买楼落地 泛海系稍解燃眉之急
2021-07-13,长江证券：公司与财富趋势已有合作,长江证券：公司与财富趋势已有合作
2021-07-13,芯片牛股国民技术终于有了实控人，资本大佬刘益谦陪跑8年！,芯片牛股国民技术终于有了实控人，资本大佬刘益谦陪跑8年！
2021-07-14,关于长江证券股份有限公司2021年面向专业投资者公开发行次级债券（第二期）上市有关事项的通知,关于长江证券股份有限公司2021年面向专业投资者公开发行次级债券（第二期）上市有关事项的通知
2021-07-14,监管动态 | *ST聚龙涉信披违法违规被立案调查，昔日辽宁首富光环褪去 其他违规处罚,监管动态 | *ST聚龙涉信披违法违规被立案调查，昔日辽宁首富光环褪去 其他违规处罚
2021-07-14,又一首富“栽了”！证监会出手：立案调查,又一首富“栽了”！证监会出手：立案调查
2021-07-14,景顺长城顺安回报混合型证券投资基金 新增长江证券为销售机构的公告,景顺长城顺安回报混合型证券投资基金 新增长江证券为销售机构的公告
2021-07-14,西部利得童国林业务调整 离任1只基金同时新任2只基金 基金经理离任,西部利得童国林业务调整 离任1只基金同时新任2只基金 基金经理离任
2021-07-15,伍戈：财政料将比上半年积极，发力幅度较为温和,伍戈：财政料将比上半年积极，发力幅度较为温和
2021-07-15,又一券商获场外期权交易商资格，华创证券今年第三家获批二级交易商，场外衍生品规模逼近1.5万亿,又一券商获场外期权交易商资格，华创证券今年第三家获批二级交易商，场外衍生品规模逼近1.5万亿
2021-07-20,股民懵了！5倍大牛股扭亏为盈，股价却连续3跌停,股民懵了！5倍大牛股扭亏为盈，股价却连续3跌停
2021-07-21,【广发基金对话首席】广发基金罗国庆对话长江证券邬博华,【广发基金对话首席】广发基金罗国庆对话长江证券邬博华
2021-07-21,长江证券(000783.SZ)向专业投资者公开发行公司债券获得注册批复,长江证券(000783.SZ)向专业投资者公开发行公司债券获得注册批复
2021-07-21,长江证券(000783.SZ)：向专业投资者发行公司债获证监会批复,长江证券(000783.SZ)：向专业投资者发行公司债获证监会批复
2021-07-22,长江证券股份有限公司关于向专业投资者公开发行公司债券获得中国证券监督管理委员会注册批复的公告,长江证券股份有限公司关于向专业投资者公开发行公司债券获得中国证券监督管理委员会注册批复的公告
2021-07-22,湖北：发挥上市公司带动作用 赋能新材料产业链发展,湖北：发挥上市公司带动作用 赋能新材料产业链发展
2021-07-26,【首席视野】长江证券伍戈：疫后留痕,【首席视野】长江证券伍戈：疫后留痕
2021-07-28,深交所罕见点名23家券商投行，事出何因？上半年创业板受理183家首发申请，发问询函430份，终止审核70家,深交所罕见点名23家券商投行，事出何因？上半年创业板受理183家首发申请，发问询函430份，终止审核70家
2021-07-29,或被终止挂牌，ST千草连续两年未足额缴纳督导费用 退市,或被终止挂牌，ST千草连续两年未足额缴纳督导费用 退市
2021-07-30,融资客青睐7股，东湖高新买入占比高达47.96%,融资客青睐7股，东湖高新买入占比高达47.96%
2021-07-30,深圳辖区保荐业务全面检查启动，8月券商自查9月现场检查，自查项目覆盖不低于20%，确定从轻处理条件,深圳辖区保荐业务全面检查启动，8月券商自查9月现场检查，自查项目覆盖不低于20%，确定从轻处理条件
2021-08-01,多家机构给予海尔智家“买入”评级！长江证券：更高的要求背后是经营自信,多家机构给予海尔智家“买入”评级！长江证券：更高的要求背后是经营自信
2021-08-02,成都西岭源药业宣布完成9000万元A+轮融资，加速推进新药研发,成都西岭源药业宣布完成9000万元A+轮融资，加速推进新药研发
2021-08-04,疫情反扑：熟悉？陌生？,疫情反扑：熟悉？陌生？
2021-08-05,上半年创业板受理183家首发申请 发问询函430份 终止审核70家,上半年创业板受理183家首发申请 发问询函430份 终止审核70家
2021-08-09,近日我司公司债券推介,近日我司公司债券推介
2021-08-10,大股东持有蓝光发展1.69亿股遭司法拍卖 司法拍卖,大股东持有蓝光发展1.69亿股遭司法拍卖 司法拍卖
2021-08-11,爱美客跌5.45% 中信证券长江证券高点唱多,爱美客跌5.45% 中信证券长江证券高点唱多
2021-08-11,因未能发现重大资产重组项目三大问题 长江证券两保荐代表人被上交所警示 金融监管处罚,因未能发现重大资产重组项目三大问题 长江证券两保荐代表人被上交所警示 金融监管处罚
2021-08-12,长江证券(000783.SZ)拟发行不超50亿元面向专业投资者公司债券,长江证券(000783.SZ)拟发行不超50亿元面向专业投资者公司债券
2021-08-12,想抄明星基金经理作业，结果竟然……,想抄明星基金经理作业，结果竟然……
2021-08-12,欧派家居跌6.25% 中信证券长江证券今刚喊买,欧派家居跌6.25% 中信证券长江证券今刚喊买
2021-08-13,长江证券计划面向专业投资者发行不超50亿元公司债,长江证券计划面向专业投资者发行不超50亿元公司债
2021-08-16,伍戈：疫情多次反复，消费不易回归常态,伍戈：疫情多次反复，消费不易回归常态
2021-08-16,【*长江证券小公募（第二期）】不超50亿，3年，2.6-3.6%，5年，2.8-3.8%，双向互拨，AAA/AAA，今日簿记,【*长江证券小公募（第二期）】不超50亿，3年，2.6-3.6%，5年，2.8-3.8%，双向互拨，AAA/AAA，今日簿记
2021-08-16,近日我司公司债券推介,近日我司公司债券推介
2021-08-16,长江证券2财务顾问被警示 主办*ST德新重组三宗违规 金融监管处罚,长江证券2财务顾问被警示 主办*ST德新重组三宗违规 金融监管处罚
2021-08-17,牧原股份跌4.41% 华安证券长江证券高点唱多,牧原股份跌4.41% 华安证券长江证券高点唱多
2021-08-18,A股共发生190宗大宗交易成交48.12亿元（8月18日）,A股共发生190宗大宗交易成交48.12亿元（8月18日）
2021-08-18,公告裁撤的华林证券研究所 其实早已“独木难支”,公告裁撤的华林证券研究所 其实早已“独木难支”
2021-08-18,长江证券(000783.SZ)：完成公开发行合计30亿元公司债券,长江证券(000783.SZ)：完成公开发行合计30亿元公司债券
2021-08-18,长江证券首席策略分析师包承超：中国制造迎来投资“黄金赛道”,长江证券首席策略分析师包承超：中国制造迎来投资“黄金赛道”
2021-08-18,爱美客跌4.49% 浙商证券长江证券高点唱多,爱美客跌4.49% 浙商证券长江证券高点唱多
2021-08-18,长江证券今日大宗交易成交455.42万股，成交价7.65元溢价0.0%,长江证券今日大宗交易成交455.42万股，成交价7.65元溢价0.0%
2021-08-18,长江证券股价涨5.1% 现报7.66元,长江证券股价涨5.1% 现报7.66元
2021-08-18,华林证券组织架构大调整：撤研究所，新设科技金融等条线,华林证券组织架构大调整：撤研究所，新设科技金融等条线
2021-08-19,森霸传感：股东元努科技所持1282.50万股解除质押,森霸传感：股东元努科技所持1282.50万股解除质押
2021-08-19,美的集团跌3.44% 申银万国长江证券高点喊买,美的集团跌3.44% 申银万国长江证券高点喊买
2021-08-20,爱美客跌9.55% 中信证券长江证券高点唱多,爱美客跌9.55% 中信证券长江证券高点唱多
2021-08-24,湖北区域股市周报：6家湖北公司被调研 5.51亿融资净买入湖北股票,湖北区域股市周报：6家湖北公司被调研 5.51亿融资净买入湖北股票
2021-08-24,中国电信再度跌停 光大证券佛山绿景路、长江证券武汉武珞路均买入1亿元,中国电信再度跌停 光大证券佛山绿景路、长江证券武汉武珞路均买入1亿元
2021-08-26,长江乐盈定开债增聘基金经理王林希 年内收益率2.85%,长江乐盈定开债增聘基金经理王林希 年内收益率2.85%
2021-08-27,长江证券：上半年净利润14.24亿元 同比增长51.27%,长江证券：上半年净利润14.24亿元 同比增长51.27%
2021-08-27,长江证券(000783.SZ)上半年净利升51.27%至14.24亿元,长江证券(000783.SZ)上半年净利升51.27%至14.24亿元
2021-08-27,长江证券(000783.SZ)半年度归母净利同比增51.27%至14.24亿元 IPO业务大幅增长,长江证券(000783.SZ)半年度归母净利同比增51.27%至14.24亿元 IPO业务大幅增长
2021-08-27,长江证券：上半年净利润同比增长51.27%,长江证券：上半年净利润同比增长51.27%
2021-08-27,晚间重要公告2021年8月27日星期五,晚间重要公告2021年8月27日星期五
2021-08-28,上市公司正负面新闻2021年8月28日星期六,上市公司正负面新闻2021年8月28日星期六
2021-08-28,再升科技：国泰君安、长江证券等61家机构于8月26日调研我司,再升科技：国泰君安、长江证券等61家机构于8月26日调研我司
2021-08-28,星网锐捷：三鑫资产管理有限公司、长江证券股份有限公司等3家机构于8月27日调研我司,星网锐捷：三鑫资产管理有限公司、长江证券股份有限公司等3家机构于8月27日调研我司
2021-08-28,长江证券股份有限公司2021半年度报告摘要,长江证券股份有限公司2021半年度报告摘要
2021-08-28,伟星股份：长江证券股份有限公司、广发证券股份有限公司等51家机构于8月26日调研我司,伟星股份：长江证券股份有限公司、广发证券股份有限公司等51家机构于8月26日调研我司
2021-08-30,爱美客跌4.6% 中信证券长江证券高点唱多,爱美客跌4.6% 中信证券长江证券高点唱多
2021-08-30,7月商办运营商发展报告·观点月度指数,7月商办运营商发展报告·观点月度指数
2021-08-30,利元亨：广发证券、长江证券等25家机构于8月27日调研我司,利元亨：广发证券、长江证券等25家机构于8月27日调研我司
2021-08-30,深圳瑞捷：长江证券、长城基金管理有限公司等7家机构于8月26日调研我司,深圳瑞捷：长江证券、长城基金管理有限公司等7家机构于8月26日调研我司
2021-08-30,投研驱动+科技赋能 长江证券上半年净利润增长51.27% 多项指标行业领先,投研驱动+科技赋能 长江证券上半年净利润增长51.27% 多项指标行业领先
2021-08-31,欧普照明：中信建投证券、长江证券等21家机构于8月27日调研我司,欧普照明：中信建投证券、长江证券等21家机构于8月27日调研我司
2021-08-31,长江证券上半年营收增28% 薪酬福利总额增15%,长江证券上半年营收增28% 薪酬福利总额增15%
2021-08-31,欣贺股份：长江证券、申万宏源等2家机构于8月30日调研我司,欣贺股份：长江证券、申万宏源等2家机构于8月30日调研我司
2021-09-01,招商港口：长江证券、安信证券等14家机构于8月31日调研我司,招商港口：长江证券、安信证券等14家机构于8月31日调研我司
2021-09-01,伍戈：逆流，顺流,伍戈：逆流，顺流
2021-09-01,天合光能：东吴证券、长江证券等11家机构于8月25日调研我司,天合光能：东吴证券、长江证券等11家机构于8月25日调研我司
2021-09-01,2021年上半年券商业绩榜揭晓,2021年上半年券商业绩榜揭晓
2021-09-01,保代今年增员超七成，中原、长江等上半年爆发式提升,保代今年增员超七成，中原、长江等上半年爆发式提升
2021-09-01,上半年投行业绩榜揭晓：中信、中金、海通进入前三 这家券商却掉队,上半年投行业绩榜揭晓：中信、中金、海通进入前三 这家券商却掉队
2021-09-01,公募基金中报纵览：盈利仍居高位，管理费收入增七成,公募基金中报纵览：盈利仍居高位，管理费收入增七成
2021-09-01,上半年41家上市券商投行业务净收入265.74亿 13家同比下滑 盈利能力下降,上半年41家上市券商投行业务净收入265.74亿 13家同比下滑 盈利能力下降
2021-09-01,几家欢乐几家愁 中信鳌头独占海通杀进前三,几家欢乐几家愁 中信鳌头独占海通杀进前三
2021-09-01,三安光电跌6.66% 长江证券高点唱多,三安光电跌6.66% 长江证券高点唱多
2021-09-02,美迪西：长江证券、珠池资产等375家机构于8月11日调研我司,美迪西：长江证券、珠池资产等375家机构于8月11日调研我司
2021-09-02,中钢国际：长江证券、华宝基金等22家机构于9月2日调研我司,中钢国际：长江证券、华宝基金等22家机构于9月2日调研我司
2021-09-02,爱美客跌6.06% 中信证券长江证券高点唱多,爱美客跌6.06% 中信证券长江证券高点唱多
2021-09-02,伟星股份：博时基金管理有限公司、长江证券股份有限公司等2家机构于8月31日调研我司,伟星股份：博时基金管理有限公司、长江证券股份有限公司等2家机构于8月31日调研我司
2021-09-02,美迪西：长江证券、中欧基金等6家机构于8月19日调研我司,美迪西：长江证券、中欧基金等6家机构于8月19日调研我司
2021-09-02,券商分仓佣金创历史新高，中信广发长江夺得前三,券商分仓佣金创历史新高，中信广发长江夺得前三
2021-09-02,大增63%！券商分仓佣金创历史新高，中信广发长江夺得前三,大增63%！券商分仓佣金创历史新高，中信广发长江夺得前三
2021-09-02,上半年券商分仓佣金增六成，明星分析师自带“吸金”属性,上半年券商分仓佣金增六成，明星分析师自带“吸金”属性
2021-09-02,上半年券商分仓佣金增六成 明星分析师自带“吸金”属性,上半年券商分仓佣金增六成 明星分析师自带“吸金”属性
2021-09-02,"暴增63%！券商分仓佣金创历史新高，中信广发长江夺得前三！这匹""黑马""更飙升12倍","暴增63%！券商分仓佣金创历史新高，中信广发长江夺得前三！这匹""黑马""更飙升12倍"
2021-09-02,开润股份：长江证券、北京塔基资产等24家机构于9月1日调研我司,开润股份：长江证券、北京塔基资产等24家机构于9月1日调研我司
2021-09-03,中信建投：北京证券交易所设立助力中小企业直接融资，拓宽券商展业空间,中信建投：北京证券交易所设立助力中小企业直接融资，拓宽券商展业空间
2021-09-03,北京证券交易所来了！ 八大券商、机构把脉受益板块与投资机会,北京证券交易所来了！ 八大券商、机构把脉受益板块与投资机会
2021-09-03,北交所送利好，99家主办券商哪家强？申万宏源开源国融锁定前三,北交所送利好，99家主办券商哪家强？申万宏源开源国融锁定前三
2021-09-03,全线大涨，多只飙100%，最牛A股5天翻倍！锂电军工大跳水,全线大涨，多只飙100%，最牛A股5天翻倍！锂电军工大跳水
2021-09-03,长江证券：公司从事新三板的推荐挂牌、持续督导业务、做市、定向发行等业务,长江证券：公司从事新三板的推荐挂牌、持续督导业务、做市、定向发行等业务
2021-09-03,为何是申万宏源与一创领涨？北交所横空出世，券商新三板各业务排名立见高下，多家券商发声表态北交所,为何是申万宏源与一创领涨？北交所横空出世，券商新三板各业务排名立见高下，多家券商发声表态北交所
2021-09-03,振华科技：长江证券、兴业证券等4家机构于9月1日调研我司,振华科技：长江证券、兴业证券等4家机构于9月1日调研我司
2021-09-03,协鑫能科：长江证券、方正证券等23家机构于9月2日调研我司,协鑫能科：长江证券、方正证券等23家机构于9月2日调研我司
2021-09-03,伟星新材：长江证券、嘉实基金等27家机构于9月1日调研我司,伟星新材：长江证券、嘉实基金等27家机构于9月1日调研我司
2021-09-04,“30CM”涨跌停，北京证券交易所来了！哪几家券商先乘“政策东风”？新三板基金怎么选？,“30CM”涨跌停，北京证券交易所来了！哪几家券商先乘“政策东风”？新三板基金怎么选？
2021-09-04,30%涨跌停板，北京证券交易所来了！政策红利加持的新三板“淘金”机会在哪里？哪些券商将先乘“政策东风”？,30%涨跌停板，北京证券交易所来了！政策红利加持的新三板“淘金”机会在哪里？哪些券商将先乘“政策东风”？
2021-09-04,投研驱动+科技赋能战略成效显着 长江证券净利大增,投研驱动+科技赋能战略成效显着 长江证券净利大增
2021-09-04,新三板精选层发展迎良机，券商布局哪家强,新三板精选层发展迎良机，券商布局哪家强
2021-09-05,"大机会！北交所横空出世，券商开抢新""蛋糕""，中小券商要翻盘？这几家""地盘""很大","大机会！北交所横空出世，券商开抢新""蛋糕""，中小券商要翻盘？这几家""地盘""很大"
2021-09-05,北交所横空出世，券商开抢新“蛋糕”，中小券商要翻盘？,北交所横空出世，券商开抢新“蛋糕”，中小券商要翻盘？
2021-09-05,坚朗五金：长江证券、圆信永丰等25家机构于9月3日调研我司,坚朗五金：长江证券、圆信永丰等25家机构于9月3日调研我司
2021-09-06,关于同意长江证券股份有限公司为上证金融地产交易型开放式指数发起式证券投资基金提供一般做市服务的公告,关于同意长江证券股份有限公司为上证金融地产交易型开放式指数发起式证券投资基金提供一般做市服务的公告
2021-09-06,欧菲光：长江证券、保银投资等21家机构于9月3日调研我司,欧菲光：长江证券、保银投资等21家机构于9月3日调研我司
2021-09-06,长江证券：当年累计新增借款占上年末净资产的49.57%,长江证券：当年累计新增借款占上年末净资产的49.57%
2021-09-06,天华超净跌7.74% 长江证券周末发研报唱多,天华超净跌7.74% 长江证券周末发研报唱多
2021-09-06,帅丰电器：长江证券、中欧瑞博投资等32家机构于9月2日调研我司,帅丰电器：长江证券、中欧瑞博投资等32家机构于9月2日调研我司
2021-09-07,广发证券：长江证券于9月3日调研我司,广发证券：长江证券于9月3日调研我司
2021-09-07,长江证券首席经济学家伍戈：我们还不能充分理解疫情对我们生活产生的重要影响,长江证券首席经济学家伍戈：我们还不能充分理解疫情对我们生活产生的重要影响
2021-09-07,长江证券首席经济学家伍戈：大宗商品价格是整个经济中最主要的矛盾,长江证券首席经济学家伍戈：大宗商品价格是整个经济中最主要的矛盾
2021-09-07,“喝酒吃药”行情重起，高位题材股“退潮”,“喝酒吃药”行情重起，高位题材股“退潮”
2021-09-07,亿联网络跌5.50% 长江证券中信证券高点喊买,亿联网络跌5.50% 长江证券中信证券高点喊买
2021-09-08,瑞联新材：广发证券、长江证券等12家机构于8月1日调研我司,瑞联新材：广发证券、长江证券等12家机构于8月1日调研我司
2021-09-08,爱美客跌3.54% 长江证券中信证券高点唱多,爱美客跌3.54% 长江证券中信证券高点唱多
2021-09-08,维宏股份：长江证券、健顺投资等5家机构于9月7日调研我司,维宏股份：长江证券、健顺投资等5家机构于9月7日调研我司
2021-09-09,申万宏源研究携手万得，开展研报合作,申万宏源研究携手万得，开展研报合作
2021-09-09,券商席位租赁收入正悄然爆发：10家券商收入实现翻倍，带动经纪收入增长，更带来收入结构变化,券商席位租赁收入正悄然爆发：10家券商收入实现翻倍，带动经纪收入增长，更带来收入结构变化
2021-09-10,证券板块冲高回落，长江证券领涨居前,证券板块冲高回落，长江证券领涨居前
2021-09-10,恒基达鑫：长江证券、广发基金等2家机构于9月9日调研我司,恒基达鑫：长江证券、广发基金等2家机构于9月9日调研我司
2021-09-10,中国巨石：国泰君安证券、长江证券等12家机构于8月18日调研我司,中国巨石：国泰君安证券、长江证券等12家机构于8月18日调研我司
2021-09-10,睿创微纳跌6.33% 中信证券长江证券高点喊买入,睿创微纳跌6.33% 中信证券长江证券高点喊买入
2021-09-10,A股重返3700点，4000亿银行突然大涨，芯片股拉升,A股重返3700点，4000亿银行突然大涨，芯片股拉升
2021-09-10,长江证券高涨近7.00%，证券ETF(512880)盘中涨超1.50%,长江证券高涨近7.00%，证券ETF(512880)盘中涨超1.50%
2021-09-10,快讯：长江证券涨停 报于8.73元,快讯：长江证券涨停 报于8.73元
2021-09-10,券商板块拉升走强 长江证券封涨停,券商板块拉升走强 长江证券封涨停
2021-09-10,券商股早盘走高，长江证券涨超9%,券商股早盘走高，长江证券涨超9%
2021-09-10,券商股表现活跃，长江证券冲击涨停,券商股表现活跃，长江证券冲击涨停
2021-09-10,ETF严选|两融余额创6年新高，券商板块最被融资客看好，长江证券涨停券商强力拉升！,ETF严选|两融余额创6年新高，券商板块最被融资客看好，长江证券涨停券商强力拉升！
2021-09-13,非银金融行业：养老理财产品试点+北交所成立 催化券商板块行情,非银金融行业：养老理财产品试点+北交所成立 催化券商板块行情
2021-09-13,近日我司公司债券推介,近日我司公司债券推介
2021-09-13,北向资金净卖出额创近一个月新高，白酒、有色股遭抛售,北向资金净卖出额创近一个月新高，白酒、有色股遭抛售
2021-09-13,下半年券商日赚超3亿，营收和净利或翻倍，外资和两融联合抢筹这些标的！（附股）,下半年券商日赚超3亿，营收和净利或翻倍，外资和两融联合抢筹这些标的！（附股）
2021-09-14,美的集团跌3.59% 申银万国长江证券高点喊买,美的集团跌3.59% 申银万国长江证券高点喊买
2021-09-15,抢占北交所：多家企业重返新三板 券商备战“屯粮”,抢占北交所：多家企业重返新三板 券商备战“屯粮”
2021-09-16,金风科技：东吴证券、长江证券等4家机构于9月16日调研我司,金风科技：东吴证券、长江证券等4家机构于9月16日调研我司
2021-09-17,方正证券研究所原所长杨仁文正式离职，下一站是这家？,方正证券研究所原所长杨仁文正式离职，下一站是这家？
2021-09-17,万丰奥威：海通证券、长江证券等3家机构于9月15日调研我司,万丰奥威：海通证券、长江证券等3家机构于9月15日调研我司
2021-09-17,长江证券：今年以来，部分股东持股数量减少系该股东参与转融通证券出借业务所致，并非减持公司股份,长江证券：今年以来，部分股东持股数量减少系该股东参与转融通证券出借业务所致，并非减持公司股份
2021-09-17,恒逸石化：长江证券、博时基金等6家机构于9月16日调研我司,恒逸石化：长江证券、博时基金等6家机构于9月16日调研我司
2021-09-17,交易量放大、开户数倍增，掘金券商板块“黄金期”,交易量放大、开户数倍增，掘金券商板块“黄金期”
2021-09-18,券商年产8.59万份研报，超1/4分析师跳槽！,券商年产8.59万份研报，超1/4分析师跳槽！
2021-09-19,去年券商分析师3364人，年产8.59万份研报！中信、长江、招商公募佣金市占率居前三，2家券商在其他客户上揽金超8亿,去年券商分析师3364人，年产8.59万份研报！中信、长江、招商公募佣金市占率居前三，2家券商在其他客户上揽金超8亿
2021-09-23,伟星股份：长江证券股份有限公司、国信证券股份有限公司等6家机构于9月22日调研我司,伟星股份：长江证券股份有限公司、国信证券股份有限公司等6家机构于9月22日调研我司
2021-09-23,长江证券：公司按照客户适当性管理的要求，为客户提供丰富的各类金融产品,长江证券：公司按照客户适当性管理的要求，为客户提供丰富的各类金融产品
2021-09-24,虹软科技：长江证券、莫尼塔研究所等18家机构于9月2日调研我司,虹软科技：长江证券、莫尼塔研究所等18家机构于9月2日调研我司
2021-09-24,凯美特气：海富通基金、长江证券等3家机构于9月23日调研我司,凯美特气：海富通基金、长江证券等3家机构于9月23日调研我司
2021-09-24,冀中能源：长江证券、湘财基金等3家机构于9月23日调研我司,冀中能源：长江证券、湘财基金等3家机构于9月23日调研我司
2021-09-26,恒力石化跌7.3% 中信证券长江证券昨日喊买入,恒力石化跌7.3% 中信证券长江证券昨日喊买入
2021-09-26,乔治白：长江证券于9月24日调研我司,乔治白：长江证券于9月24日调研我司
2021-09-26,浙江美大：中金公司、长江证券等21家机构于9月23日调研我司,浙江美大：中金公司、长江证券等21家机构于9月23日调研我司
2021-09-27,中材国际：长江证券、中银证券等6家机构于9月23日调研我司,中材国际：长江证券、中银证券等6家机构于9月23日调研我司
2021-09-27,汉钟精机：长江证券资管于9月24日调研我司,汉钟精机：长江证券资管于9月24日调研我司
2021-09-29,凌志软件：江海自营、长江证券等5家机构于9月1日调研我司,凌志软件：江海自营、长江证券等5家机构于9月1日调研我司
2021-09-29,弘信电子：长江证券、广发基金等6家机构于9月28日调研我司,弘信电子：长江证券、广发基金等6家机构于9月28日调研我司
2021-09-29,2021年度金牛-长江最佳FOF标的基金榜单发布,2021年度金牛-长江最佳FOF标的基金榜单发布
2021-09-29,金科股份：长江证券、兴全基金等12家机构于9月29日调研我司,金科股份：长江证券、兴全基金等12家机构于9月29日调研我司
2021-09-30,华锐精密：长江证券股份有限公司、平安资产管理有限责任公司等56家机构于9月1日调研我司,华锐精密：长江证券股份有限公司、平安资产管理有限责任公司等56家机构于9月1日调研我司
2021-09-30,长江证券股份有限公司 2021年第三季度报告,长江证券股份有限公司 2021年第三季度报告
2021-10-01,维持高位，前三季度股权承销排行榜发布,维持高位，前三季度股权承销排行榜发布
2021-10-07,永兴材料：长江证券、富国基金等14家机构于9月30日调研我司,永兴材料：长江证券、富国基金等14家机构于9月30日调研我司
2021-10-07,长江证券(000783.SZ)：拟公开发行合计不超50亿元的公司债券,长江证券(000783.SZ)：拟公开发行合计不超50亿元的公司债券
2021-10-08,新大正：工银瑞信、长江证券等6家机构于9月30日调研我司,新大正：工银瑞信、长江证券等6家机构于9月30日调研我司
2021-10-08,年内首发份额达1200亿，“券结模式”开辟财富管理新蓝海,年内首发份额达1200亿，“券结模式”开辟财富管理新蓝海
2021-10-08,中国债券市场金融债发行日程一览(10月8日),中国债券市场金融债发行日程一览(10月8日)
2021-10-08,长江证券：“长证转债”第三季度转股6354股,长江证券：“长证转债”第三季度转股6354股
2021-10-09,中国债券市场金融债发行日程一览(10月9日),中国债券市场金融债发行日程一览(10月9日)
2021-10-11,爱美客跌3.34% 中信证券长江证券高点唱多,爱美客跌3.34% 中信证券长江证券高点唱多
2021-10-11,中国债券市场金融债发行日程一览(10月11日),中国债券市场金融债发行日程一览(10月11日)
2021-10-11,一财首席调研：年度GDP预测均值8.15%，10月信心指数低于荣枯线,一财首席调研：年度GDP预测均值8.15%，10月信心指数低于荣枯线
2021-10-12,【*长江证券小公募（第三期）】不超50亿/368天（2.5%-3.5%）/3年（2.8%-3.8%）/AAA/AAA/今日簿记,【*长江证券小公募（第三期）】不超50亿/368天（2.5%-3.5%）/3年（2.8%-3.8%）/AAA/AAA/今日簿记
2021-10-12,美迪西：长江证券、摩根士丹利华鑫等3家机构于9月7日调研我司,美迪西：长江证券、摩根士丹利华鑫等3家机构于9月7日调研我司
2021-10-12,开足马力备战北交所！券商加快新三板业务布局，面对历史性机遇，如何排兵布阵？,开足马力备战北交所！券商加快新三板业务布局，面对历史性机遇，如何排兵布阵？
2021-10-13,券商各显其能发力新三板业务,券商各显其能发力新三板业务
2021-10-13,亿联网络跌3.98% 中信证券长江证券高点喊买入,亿联网络跌3.98% 中信证券长江证券高点喊买入
2021-10-13,控汇股份进入精选层辅导期 今年上半年营收9280万元增长33%,控汇股份进入精选层辅导期 今年上半年营收9280万元增长33%
2021-10-14,坚朗五金：长江证券、长信基金等23家机构于10月12日调研我司,坚朗五金：长江证券、长信基金等23家机构于10月12日调研我司
2021-10-14,关于长江证券股份有限公司向专业投资者公开发行短期公司债券申请文件的反馈意见,关于长江证券股份有限公司向专业投资者公开发行短期公司债券申请文件的反馈意见
2021-10-15,前瞻十四五：深度剖析交易所如何助推“三创四新”企业发展 实现“中国梦”丨全景·卓识,前瞻十四五：深度剖析交易所如何助推“三创四新”企业发展 实现“中国梦”丨全景·卓识
2021-10-17,缺电限产：非常态，还是常态？,缺电限产：非常态，还是常态？
2021-10-18,伍戈：缺电限产是非常态还是常态？,伍戈：缺电限产是非常态还是常态？
2021-10-18,丸美股份跌6.63% 长江证券中泰证券高点唱多,丸美股份跌6.63% 长江证券中泰证券高点唱多
2021-10-19,投行业务严监管，七家券商收罚单 金融监管处罚,投行业务严监管，七家券商收罚单 金融监管处罚
2021-10-20,长江证券：拟于10月30日披露2021年第三季度报告,长江证券：拟于10月30日披露2021年第三季度报告
2021-10-22,证监会12条投行罚单来袭！这7家券商牵涉其中，或影响投行执业质量分类评价 金融监管处罚,证监会12条投行罚单来袭！这7家券商牵涉其中，或影响投行执业质量分类评价 金融监管处罚
2021-10-27,新三板主办券商执业评价排名生变！开源证券蝉联榜首，长江、中信、东吴等排名大幅提升，却有券商逆势下滑,新三板主办券商执业评价排名生变！开源证券蝉联榜首，长江、中信、东吴等排名大幅提升，却有券商逆势下滑
2021-10-27,第三季度主办券商执业质量评价结果出炉！开源证券居第一，这些券商成“黑马”,第三季度主办券商执业质量评价结果出炉！开源证券居第一，这些券商成“黑马”
2021-10-27,股转公司发布第三季度主办券商执业质量评价结果,股转公司发布第三季度主办券商执业质量评价结果
2021-10-27,缺人！券商秋招大门敞开，重点需要这几方面人才,缺人！券商秋招大门敞开，重点需要这几方面人才
2021-10-27,吉电股份：长江证券股份有限公司于10月22日调研我司,吉电股份：长江证券股份有限公司于10月22日调研我司
2021-10-28,新三板主办券商执业评价排名变幻：北交所效应显现 长江、东吴、中信“上位”,新三板主办券商执业评价排名变幻：北交所效应显现 长江、东吴、中信“上位”
2021-10-28,郑中设计：长江证券研究所、光大保德信基金等4家机构于10月26日调研我司,郑中设计：长江证券研究所、光大保德信基金等4家机构于10月26日调研我司
2021-10-28,精选层撤单密度突然加大，不足俩月10个项目主动撤材料，北交所关键节点企业为何“临阵逃脱”？,精选层撤单密度突然加大，不足俩月10个项目主动撤材料，北交所关键节点企业为何“临阵逃脱”？
2021-10-28,2021年Q3新三板主办券商执业评价：开源证券连续三季居首 长江证券冲进前三,2021年Q3新三板主办券商执业评价：开源证券连续三季居首 长江证券冲进前三
2021-10-29,谱尼测试：方正证券、长江证券等85家机构于10月26日调研我司,谱尼测试：方正证券、长江证券等85家机构于10月26日调研我司
2021-10-29,金风科技：长江证券、花旗银行等9家机构于10月27日调研我司,金风科技：长江证券、花旗银行等9家机构于10月27日调研我司
2021-10-29,深圳瑞捷：长江证券、中科沃土基金管理有限公司等5家机构于10月26日调研我司,深圳瑞捷：长江证券、中科沃土基金管理有限公司等5家机构于10月26日调研我司
2021-10-29,南财脱水研报｜玩转高股息投资策略，寻找抗通胀高分红个股配置机遇,南财脱水研报｜玩转高股息投资策略，寻找抗通胀高分红个股配置机遇
2021-10-29,长江证券：前三季度净利润同比增长13.85%,长江证券：前三季度净利润同比增长13.85%
2021-10-29,长江证券(000783.SZ)前三季度归母净利同比增13.85%至21.99亿元,长江证券(000783.SZ)前三季度归母净利同比增13.85%至21.99亿元
2021-10-29,长江证券前三季度净利润同比增长14%,长江证券前三季度净利润同比增长14%
2021-10-29,长江证券：2021年第三季度净利润约7.75亿元，同比下降21.74% 盈利能力下降,长江证券：2021年第三季度净利润约7.75亿元，同比下降21.74% 盈利能力下降
2021-10-30,赚翻了！40家券商盈利排名来了,赚翻了！40家券商盈利排名来了
2021-10-30,迈信林：长江证券、东方财富等12家机构于10月15日调研我司,迈信林：长江证券、东方财富等12家机构于10月15日调研我司
2021-10-30,航亚科技：长江证券、中信证券等58家机构于10月28日调研我司,航亚科技：长江证券、中信证券等58家机构于10月28日调研我司
2021-10-30,两大榜单展示券商三季度新三板业绩，北交所为中小券商提供“超车”机遇,两大榜单展示券商三季度新三板业绩，北交所为中小券商提供“超车”机遇
2021-10-31,【中信建投 非银&金融科技】周报：北交所开业在即，券商业绩持续向好,【中信建投 非银&金融科技】周报：北交所开业在即，券商业绩持续向好
2021-11-01,新三板重要公告汇总（2021年11月1日）,新三板重要公告汇总（2021年11月1日）
2021-11-01,图解长江证券三季报：第三季度单季净利润同比减21.74% 盈利能力下降,图解长江证券三季报：第三季度单季净利润同比减21.74% 盈利能力下降
2021-11-01,上海底特：股东振江股份增持公司股份，持股比例变为95%,上海底特：股东振江股份增持公司股份，持股比例变为95%
2021-11-02,藏格控股：长江证券、长江证券等14家机构于10月28日调研我司,藏格控股：长江证券、长江证券等14家机构于10月28日调研我司
2021-11-02,工业富联：长江证券股份有限公司、长江证券股份有限公司等12家机构于10月30日调研我司,工业富联：长江证券股份有限公司、长江证券股份有限公司等12家机构于10月30日调研我司
2021-11-03,珠海冠宇：长江证券于10月19日调研我司,珠海冠宇：长江证券于10月19日调研我司
2021-11-03,小熊电器：太平洋证券、长江证券等7家机构于10月29日调研我司,小熊电器：太平洋证券、长江证券等7家机构于10月29日调研我司
2021-11-03,鲁泰A：长江证券、光大证券等11家机构于10月29日调研我司,鲁泰A：长江证券、光大证券等11家机构于10月29日调研我司
2021-11-03,晶澳科技：长江证券、东吴证券等10家机构于11月1日调研我司,晶澳科技：长江证券、东吴证券等10家机构于11月1日调研我司
2021-11-03,长江证券披露2021年三季报 实现营收66.48亿元,长江证券披露2021年三季报 实现营收66.48亿元
2021-11-03,国家发改委负责同志主持召开经济形势专家座谈会,国家发改委负责同志主持召开经济形势专家座谈会
2021-11-04,长江证券：当年累计新增借款占上年末净资产的41.7% 大额借贷担保,长江证券：当年累计新增借款占上年末净资产的41.7% 大额借贷担保
2021-11-04,欧普照明：安信证券、长江证券等21家机构于10月29日调研我司,欧普照明：安信证券、长江证券等21家机构于10月29日调研我司
2021-11-05,振华科技：兴业证券、长江证券等3家机构于10月29日调研我司,振华科技：兴业证券、长江证券等3家机构于10月29日调研我司
2021-11-05,注册制下中介角色生变，机构热议厘清责任边界,注册制下中介角色生变，机构热议厘清责任边界
2021-11-05,长江证券承销保荐公司总经理王承军：投行要聚焦看得懂的行业,长江证券承销保荐公司总经理王承军：投行要聚焦看得懂的行业
2021-11-05,再“加杠杆”！长江证券今年累计新增借款占上年末净资产的41.7% 大额借贷担保,再“加杠杆”！长江证券今年累计新增借款占上年末净资产的41.7% 大额借贷担保
2021-11-05,债市风云｜新力控股“SD”长期发行人信用评级被撤销,债市风云｜新力控股“SD”长期发行人信用评级被撤销
2021-11-09,卫星化学：华夏久盈、长江证券等30家机构于11月4日调研我司,卫星化学：华夏久盈、长江证券等30家机构于11月4日调研我司
2021-11-09,温氏股份：长江证券、华泰柏瑞等15家机构于11月4日调研我司,温氏股份：长江证券、华泰柏瑞等15家机构于11月4日调研我司
2021-11-09,多条线苦练内功，券商布局北交所马不停蹄,多条线苦练内功，券商布局北交所马不停蹄
2021-11-10,欣贺股份：长江证券、中庚基金等5家机构于11月5日调研我司,欣贺股份：长江证券、中庚基金等5家机构于11月5日调研我司
2021-11-10,券商年内累计新增借款规模大增，市场交投活跃助推券商“加杠杆” 大额借贷担保,券商年内累计新增借款规模大增，市场交投活跃助推券商“加杠杆” 大额借贷担保
2021-11-11,齐翔腾达：安信自营、长江证券等63家机构于11月9日调研我司,齐翔腾达：安信自营、长江证券等63家机构于11月9日调研我司
2021-11-12,鑫铂股份：广发证券、长江证券等4家机构于11月9日调研我司,鑫铂股份：广发证券、长江证券等4家机构于11月9日调研我司
2021-11-12,11月12日深市大宗交易信息,11月12日深市大宗交易信息
2021-11-12,长江证券今日大宗交易成交80万股，成交价6.62元折价9.81%,长江证券今日大宗交易成交80万股，成交价6.62元折价9.81%
2021-11-12,冰轮环境：长江证券、三峡资本等2家机构于11月10日调研我司,冰轮环境：长江证券、三峡资本等2家机构于11月10日调研我司
2021-11-12,关于长江证券超越理财增强债券集合资产管理计划 正式变更为长江尊利债券型证券投资基金及基金合同生效公告,关于长江证券超越理财增强债券集合资产管理计划 正式变更为长江尊利债券型证券投资基金及基金合同生效公告
2021-11-12,券商双11真拼了！40场直播，理财产品申购费率打1折,券商双11真拼了！40场直播，理财产品申购费率打1折
2021-11-13,券商厉兵秣马备战北交所：全产业链条布局成重点,券商厉兵秣马备战北交所：全产业链条布局成重点
2021-11-14,长江尊利债券型证券投资基金2021年10月12日获予准予注册,长江尊利债券型证券投资基金2021年10月12日获予准予注册
2021-11-14,发挥金融专长 激发县域经济“造血”功能长江证券多措并举助力乡村振兴,发挥金融专长 激发县域经济“造血”功能长江证券多措并举助力乡村振兴
2021-11-15,长江证券愿与贵所一道，共铸辉煌。,长江证券愿与贵所一道，共铸辉煌。
2021-11-15,伍戈：就业市场相对稳定，逆周期政策发力有限,伍戈：就业市场相对稳定，逆周期政策发力有限
2021-11-17,坚定把握财富管理主线，券商板块布局正当时,坚定把握财富管理主线，券商板块布局正当时
2021-11-17,中国短期融资券及中期票据信用分析周报,中国短期融资券及中期票据信用分析周报
2021-11-19,前三季度42家券商承销发行绿色公司债和绿色ABS近千亿，中信、华泰等6家承销绿色公司债均超50亿元,前三季度42家券商承销发行绿色公司债和绿色ABS近千亿，中信、华泰等6家承销绿色公司债均超50亿元
2021-11-19,又有券商申请托管资格！今年基金托管牌照尚待零的突破,又有券商申请托管资格！今年基金托管牌照尚待零的突破
2021-11-20,岭南股份：兴全基金、长江证券等3家机构于11月18日调研我司,岭南股份：兴全基金、长江证券等3家机构于11月18日调研我司
2021-11-20,成绩单出炉！中信证券夺得这项券商业务排名第一,成绩单出炉！中信证券夺得这项券商业务排名第一
2021-11-23,稀土永磁板块沸腾了，金力永磁股价创历史新高,稀土永磁板块沸腾了，金力永磁股价创历史新高
2021-11-25,【首席视野】长江证券伍戈：地产纠偏路,【首席视野】长江证券伍戈：地产纠偏路
2021-11-25,鸿路钢构：长江证券、鑫巢资本等3家机构于11月22日调研我司,鸿路钢构：长江证券、鑫巢资本等3家机构于11月22日调研我司
2021-11-25,伍戈：地产政策底到市场底依稀可见,伍戈：地产政策底到市场底依稀可见
2021-11-26,证监会对长江证券 （上海）资管管理有限公司采取责令改正措施，该公司存在资产管理产品运作不规范等问题,证监会对长江证券 （上海）资管管理有限公司采取责令改正措施，该公司存在资产管理产品运作不规范等问题
2021-11-26,寝室室友泄露内幕信息 70后姐弟内幕交易吉峰科技被罚没479万 金融监管处罚,寝室室友泄露内幕信息 70后姐弟内幕交易吉峰科技被罚没479万 金融监管处罚
2021-11-27,三友联众：长江证券、钦沐资产等4家机构于11月17日调研我司,三友联众：长江证券、钦沐资产等4家机构于11月17日调研我司
2021-11-27,监管出手！三家券商及券商资管被罚，原因曝光,监管出手！三家券商及券商资管被罚，原因曝光
2021-11-27,泰和新材：长江证券、长江养老等7家机构于11月24日调研我司,泰和新材：长江证券、长江养老等7家机构于11月24日调研我司
2021-11-27,监管出手！三家券商及券商资管被罚，原因曝光！ 金融监管处罚,监管出手！三家券商及券商资管被罚，原因曝光！ 金融监管处罚
2021-11-29,监管鼓励券商积极布局，券结模式基金大井喷,监管鼓励券商积极布局，券结模式基金大井喷
2021-11-29,2021年Wind“金牌分析师”权威揭榜,2021年Wind“金牌分析师”权威揭榜
2021-11-29,已超3000亿！券结基金井喷，券商、基金深度绑定,已超3000亿！券结基金井喷，券商、基金深度绑定
2021-11-30,第三届新浪财经金麒麟家用电器行业最佳分析师：第一名长江证券（附投资观点）,第三届新浪财经金麒麟家用电器行业最佳分析师：第一名长江证券（附投资观点）
2021-11-30,新疆证券期货业协会联手长江证券新疆分公司开展公益助学活动,新疆证券期货业协会联手长江证券新疆分公司开展公益助学活动
2021-11-30,江苏租赁：长江证券、西部证券等7家机构于11月24日调研我司,江苏租赁：长江证券、西部证券等7家机构于11月24日调研我司
2021-11-30,多家券商及资管子公司被罚 注册制下更需推动券商归位尽责 金融监管处罚,多家券商及资管子公司被罚 注册制下更需推动券商归位尽责 金融监管处罚
2021-12-02,"又见券商买楼！华泰证券将在陆家嘴购置办公楼，租金太贵？近两年券商扎堆购""买房""","又见券商买楼！华泰证券将在陆家嘴购置办公楼，租金太贵？近两年券商扎堆购""买房"""
2021-12-02,真豪！又有券商出手，买下上海核心区一栋办公楼,真豪！又有券商出手，买下上海核心区一栋办公楼
2021-12-03,东莞证券战队夺冠 《股东来了》2021投资者权益知识竞赛落幕,东莞证券战队夺冠 《股东来了》2021投资者权益知识竞赛落幕
2021-12-04,太豪了！佛山大佬再施独门绝技 狂砸1.53亿奇袭智能汽车龙头,太豪了！佛山大佬再施独门绝技 狂砸1.53亿奇袭智能汽车龙头
2021-12-06,券商收益互换业务新规落地，41家获资质券商竞跑“新赛道”,券商收益互换业务新规落地，41家获资质券商竞跑“新赛道”
2021-12-08,大跌眼镜！这家券商资管遭重罚，被暂停私募备案6个月,大跌眼镜！这家券商资管遭重罚，被暂停私募备案6个月
2021-12-08,浙商证券资管多起违规被罚，新规过渡期临近券商多事之秋频接罚单 金融监管处罚,浙商证券资管多起违规被罚，新规过渡期临近券商多事之秋频接罚单 金融监管处罚
2021-12-09,证券业“红利当头”，券商高管频频变动隐现战略转型,证券业“红利当头”，券商高管频频变动隐现战略转型
2021-12-10,2021中国证券公司金牛奖揭晓 长江证券获“金牛成长证券公司”等两项大奖,2021中国证券公司金牛奖揭晓 长江证券获“金牛成长证券公司”等两项大奖
2021-12-10,横店东磁：长江证券、富国基金等2家机构于12月7日调研我司,横店东磁：长江证券、富国基金等2家机构于12月7日调研我司
2021-12-10,宝通科技：西部证券、长江证券等26家机构于11月22日调研我司,宝通科技：西部证券、长江证券等26家机构于11月22日调研我司
2021-12-10,测算清偿率仅为0.89%！成龙建设破产重整财务迷局 减资破产,测算清偿率仅为0.89%！成龙建设破产重整财务迷局 减资破产
2021-12-11,测算清偿率仅为0.89%！成龙建设破产重整财务迷局 减资破产,测算清偿率仅为0.89%！成龙建设破产重整财务迷局 减资破产
2021-12-13,券源拓宽激发融券业务活力 市场竞争格局或重塑,券源拓宽激发融券业务活力 市场竞争格局或重塑
2021-12-13,券源拓宽激发融券业务活力，市场竞争格局或重塑,券源拓宽激发融券业务活力，市场竞争格局或重塑
2021-12-14,"精心打造三大系统！长江证券财富管理转型有妙招，""长江龙""客户数量1年增长近20%","精心打造三大系统！长江证券财富管理转型有妙招，""长江龙""客户数量1年增长近20%"
2021-12-15,长江证券：截至2021年11月底公司为61家新三板股票提供做市报价服务，排名第10,长江证券：截至2021年11月底公司为61家新三板股票提供做市报价服务，排名第10
2021-12-16,长江证券：为61家新三板股票提供做市报价服务,长江证券：为61家新三板股票提供做市报价服务
2021-12-16,伍戈等：过紧的供给约束或逐步消退,伍戈等：过紧的供给约束或逐步消退
2021-12-17,理工环科：万家基金、长江证券等2家机构于12月15日调研我司,理工环科：万家基金、长江证券等2家机构于12月15日调研我司
2021-12-17,安信证券首席策略分析师陈果离职，下一站是这家头部券商？,安信证券首席策略分析师陈果离职，下一站是这家头部券商？
2021-12-17,中钢国际：长江证券、广发基金等9家机构于12月15日调研我司,中钢国际：长江证券、广发基金等9家机构于12月15日调研我司
2021-12-18,玉马遮阳：library group、长江证券等32家机构于12月15日调研我司,玉马遮阳：library group、长江证券等32家机构于12月15日调研我司
2021-12-19,20天13板！谁在导演妖股京城股份的飙涨“戏码”？,20天13板！谁在导演妖股京城股份的飙涨“戏码”？
2021-12-19,长江证券首席经济学家伍戈：今年下半年的需求端走弱与地产有关系,长江证券首席经济学家伍戈：今年下半年的需求端走弱与地产有关系
2021-12-20,20天13板！谁在导演妖股京城股份的飙涨“戏码”,20天13板！谁在导演妖股京城股份的飙涨“戏码”
2021-12-20,长江证券：公司发布的证券研究报告仅面向公司白名单客户开放,长江证券：公司发布的证券研究报告仅面向公司白名单客户开放
2021-12-20,曹紫建离任长江量化匠心甄选 基金年内亏损15% 基金经理离任,曹紫建离任长江量化匠心甄选 基金年内亏损15% 基金经理离任
2021-12-22,武汉蓝电创业板上市验收获通过，锂电行业再迎新成员,武汉蓝电创业板上市验收获通过，锂电行业再迎新成员
2021-12-22,新三板重要公告汇总（2021年12月22日）,新三板重要公告汇总（2021年12月22日）
2021-12-23,“券业奥斯卡”新财富持续放榜：长江证券王鹤涛一举夺魁拿下钻石分析师称号,“券业奥斯卡”新财富持续放榜：长江证券王鹤涛一举夺魁拿下钻石分析师称号
2021-12-23,长江证券王鹤涛获得新财富钻石分析师,长江证券王鹤涛获得新财富钻石分析师
2021-12-23,四川九洲：长江证券、申万菱信基金等4家机构于12月21日调研我司,四川九洲：长江证券、申万菱信基金等4家机构于12月21日调研我司
2021-12-23,新财富最佳分析师放榜：金属和金属新材料领域长江证券第一,新财富最佳分析师放榜：金属和金属新材料领域长江证券第一
2021-12-23,年内券结新基规模超1800亿，基金公司、中小券商积极布局,年内券结新基规模超1800亿，基金公司、中小券商积极布局
2021-12-23,新财富最佳分析师评选：交通运输仓储领域长江证券排名第一,新财富最佳分析师评选：交通运输仓储领域长江证券排名第一
2021-12-24,A股最强投研天团诞生，长江证券获最具影响力研究机构,A股最强投研天团诞生，长江证券获最具影响力研究机构
2021-12-24,伍戈：稳增长抓手，短期最见效依然是投资,伍戈：稳增长抓手，短期最见效依然是投资
2021-12-24,伍戈等：2022年房地产整体投资或前降后升,伍戈等：2022年房地产整体投资或前降后升
2021-12-25,第十六届中国上市公司竞争力、公信力“星”公司评选活动揭晓,第十六届中国上市公司竞争力、公信力“星”公司评选活动揭晓
2021-12-26,券商人手大比拼！两家头部券商扩张，年内增员均超2000,券商人手大比拼！两家头部券商扩张，年内增员均超2000
2021-12-28,全年IPO超500家，哪些券商投行“赚嗨”了？,全年IPO超500家，哪些券商投行“赚嗨”了？
2021-12-29,又一券商总裁履新，系券业23年老兵！今年多家券商总裁变更,又一券商总裁履新，系券业23年老兵！今年多家券商总裁变更
2021-12-29,新能源太贵不敢买？长江证券邬博华：现在电动车估值比去年更便宜，光伏持股周期长才能赚钱,新能源太贵不敢买？长江证券邬博华：现在电动车估值比去年更便宜，光伏持股周期长才能赚钱
2021-12-30,比亚迪：长江证券于12月28日调研我司,比亚迪：长江证券于12月28日调研我司
2021-12-30,帝尔激光：长江证券、中金公司等54家机构于12月28日调研我司,帝尔激光：长江证券、中金公司等54家机构于12月28日调研我司
2021-12-30,精研科技：平安资管、长江证券等17家机构于12月28日调研我司,精研科技：平安资管、长江证券等17家机构于12月28日调研我司
2021-12-30,长江证券在湖北地区有优势 ，2021年保荐17个IPO项目，同比大幅提升,长江证券在湖北地区有优势 ，2021年保荐17个IPO项目，同比大幅提升
2021-12-31,鲁泰A：长江证券、明河投资等17家机构于12月29日调研我司,鲁泰A：长江证券、明河投资等17家机构于12月29日调研我司
2021-12-31,长江证券：副总裁罗国华辞职 董监高成员变化,长江证券：副总裁罗国华辞职 董监高成员变化
2021-12-31,长江证券(000783.SZ)：罗国华辞去副总裁职务 董监高成员变化,长江证券(000783.SZ)：罗国华辞去副总裁职务 董监高成员变化
